MilliSeconds,Spine_base,Spine_mid,Neck,Head,Shoulder_left,Elbow_left,Wrist_left,Hand_left,Shoulder_right,Elbow_right,Wrist_right,Hand_right,Hip_left,Knee_left,Ankle_left,Foot_left,Hip_right,Knee_right,Ankle_right,Foot_right,Spine_shoulder,Handtip_left,Thumb_left,Handtip_right,Thumb_right
0,3.279831886,3.251847744,3.214884758,3.201656342,3.10085845,3.044939518,3.031328201,3.032792091,3.377459764,3.469744205,3.204318523,3.052274466,3.203867435,3.065659523,3.096003532,3.130319595,3.306275606,3.242054939,3.101905823,3.186262369,3.225806713,3.011191368,2.972571611,3.035586119,3.029333591
39,3.287517786,3.254409552,3.212046623,3.200695992,3.099889517,3.061068773,3.023936987,3.027038336,3.374836683,3.457257748,3.289866209,3.276453018,3.209982634,3.066673994,3.096527576,3.117171288,3.315151691,3.243172884,3.245215178,3.150390625,3.224994183,2.995309353,2.979222298,3.222314835,3.270666838
79,3.289323092,3.253989458,3.206921101,3.192938328,3.088206053,3.055844069,3.037491798,3.036075592,3.359605312,3.444529772,3.290560007,3.275399685,3.206512213,3.070275068,3.097356081,3.069797516,3.322206497,3.217352629,3.244394541,3.152956009,3.220978737,3.007315159,2.987846136,3.232758999,3.263166904
119,3.32316494,3.263306379,3.199841738,3.185858488,3.087611437,3.056980371,3.04325819,3.035716295,3.358887434,3.436653614,3.288126469,3.269295692,3.23465085,3.07113409,3.097354174,3.070832968,3.360826969,3.217266798,3.244288206,3.152297735,3.218329906,3.013688564,2.973000288,3.12044692,3.216833591
159,3.302154779,3.250671864,3.191390276,3.180176258,3.078267813,3.034817934,3.040595293,3.027483463,3.355973482,3.425146341,3.247803211,3.205446243,3.220125675,3.072262049,3.099603415,3.095009565,3.33023119,3.228522062,3.242396116,3.152267933,3.20805192,3.004397154,2.973799944,3.171745777,3.2062006
238,3.292395592,3.246137619,3.189953804,3.176198721,3.06593132,3.035855532,3.035357237,3.017967463,3.342823267,3.405143261,3.231706142,3.223039389,3.205572605,3.072313786,3.101389647,3.07251668,3.32585454,3.206886292,3.240216732,3.14948082,3.205778599,3.016585112,3,3.164360762,3.209000111
278,3.300942421,3.246505022,3.182317495,3.173715353,3.06161356,3.036528349,3.026510715,3.015602827,3.341367722,3.39584589,3.240397692,3.200888872,3.212677956,3.072329521,3.101195335,3.072942495,3.335860252,3.205396652,3.23957181,3.148059845,3.200285673,3.008289576,2.985349894,3.158965349,3.200214148
317,3.318205118,3.25113678,3.179288626,3.171122789,3.057678461,3.029113054,3.02108407,3.00817585,3.339933634,3.394930124,3.237065554,3.216413736,3.230216265,3.072165728,3.103404999,3.070902586,3.352643967,3.202627659,3.239547253,3.148985386,3.198673248,3.004827023,2.962667227,3.182190418,3.234071016
357,3.317509651,3.251764059,3.180319548,3.168883324,3.050909281,3.022785187,3.018829346,2.998250961,3.336557865,3.392324448,3.235807419,3.215645075,3.230540037,3.072748899,3.102958202,3.066520691,3.350612164,3.197985411,3.233859539,3.148988962,3.199824572,3.008771181,3.000667095,3.182855368,3.222699881
436,3.3161273,3.248409271,3.172643185,3.165614843,3.045950413,3.018338442,3.009877443,2.993108988,3.333700657,3.392261982,3.259145975,3.209158659,3.230234623,3.074163198,3.102185726,3.072704315,3.347637892,3.196570396,3.231328487,3.14980197,3.193354368,2.996552467,3.051800251,3.171081543,3.218749762
476,3.313178539,3.246540308,3.171124458,3.164698124,3.045905113,3.016819239,3.006929636,2.989361763,3.331199884,3.392336845,3.227147341,3.215402603,3.227695227,3.074297905,3.101325989,3.076215029,3.344426155,3.195768833,3.229724169,3.15256691,3.1917696,2.986559153,3.02255559,3.183315992,3.222121239
516,3.313628912,3.247062206,3.171419144,3.162878513,3.044883251,3.016659498,3.00571847,2.986641645,3.331564426,3.393384695,3.227122784,3.203056335,3.228463411,3.074416161,3.100376606,3.080434799,3.344367266,3.195533752,3.231283426,3.156827688,3.192138433,2.984880924,3.025781155,3.164523363,3.223083496
555,3.314284563,3.247106791,3.170731306,3.162553072,3.043417692,3.014782429,3.006213665,3.001569271,3.332043886,3.394268274,3.227758884,3.197771788,3.228968143,3.074387789,3.100315809,3.038928032,3.345043421,3.196098089,3.231694221,3.169817448,3.191706181,3.011618853,3.050250053,3.146847725,3.192764759
595,3.315120697,3.247816324,3.171156645,3.162328482,3.044019699,3.014364243,3.007677555,3.007934809,3.33205986,3.395093918,3.257421732,3.207629442,3.229969025,3.07367754,3.101404428,3.040196419,3.345665455,3.196608067,3.232885361,3.162588835,3.192200184,3.007386446,3.017833471,3.172189713,3.201166868
674,3.319206953,3.250947952,3.17305851,3.162451982,3.044682264,3.017502308,3.017802238,3.020830631,3.333894253,3.405001879,3.373638153,3.366245031,3.234761715,3.07169652,3.102508307,3.070911407,3.348939896,3.197560549,3.233042002,3.157065392,3.194384813,3.019292831,3.013123512,3.317740202,3.378754854
714,3.33946538,3.260613918,3.173913956,3.159985065,3.051169395,3.028701544,3.021162987,3.020730257,3.33436656,3.404876709,3.45853138,3.479486227,3.257300138,3.071487188,3.102425337,3.071553469,3.367015362,3.195727348,3.233128548,3.156718016,3.197472334,3.023641586,3.017538548,3.43100214,3.492039204
754,3.344943762,3.263811588,3.172845602,3.162134647,3.051465511,3.028289557,3.028850794,3.020895958,3.333567619,3.41220808,3.417807102,3.422739983,3.262268543,3.070060253,3.102184296,3.07468009,3.372893572,3.195879936,3.233171701,3.161039352,3.19749856,3.007419109,3.041384935,3.374257565,3.435302258
793,3.357466698,3.268868446,3.172530651,3.163707972,3.059932947,3.033915997,3.031439066,3.030238867,3.33420372,3.419385195,3.240911007,3.200999022,3.275960922,3.070330143,3.103117943,3.073644161,3.384134531,3.196048975,3.233270884,3.155225277,3.198340416,2.99924016,3.074285746,3.163438082,3.210077286
833,3.36318779,3.273077965,3.174643517,3.166797161,3.059871435,3.021004677,3.031885386,3.034442186,3.339032888,3.426992416,3.247969389,3.201167107,3.282685041,3.071009159,3.103432178,3.062912941,3.388912678,3.197643518,3.232995749,3.146157503,3.201066971,3.001425028,3.05427289,3.168157578,3.222749949
912,3.369804859,3.281602144,3.183689833,3.174636841,3.064838886,3.041624308,3.038250208,3.039321661,3.339953661,3.439277411,3.186506271,3.121004581,3.286293745,3.078897715,3.104241848,3.067058563,3.398508072,3.206339359,3.234107971,3.148135185,3.210027218,2.992427826,3.062140226,3.060978174,3.132143259
953,3.373100281,3.286505938,3.190387011,3.18522501,3.069564819,3.04255867,3.05550766,3.035023689,3.346101284,3.444048166,3.186416149,3.107669115,3.287552834,3.081412554,3.104718924,3.067798853,3.404020071,3.209219456,3.23445487,3.150998831,3.216243267,3.007722855,3.045812607,3.053790569,3.070600271
992,3.375005007,3.28883934,3.193179131,3.190825939,3.075862646,3.045925856,3.054510593,3.029150248,3.351055384,3.448684216,3.192182541,3.121575832,3.288423777,3.086648941,3.104628563,3.069563389,3.407002211,3.211425543,3.234315157,3.150474548,3.218922138,3.01164031,3.062307596,3.057822227,3.151143074
1031,3.379029751,3.297027349,3.206168175,3.199736834,3.087821007,3.048001051,3.054760933,3.038038254,3.360571861,3.451782465,3.147808552,3.076726675,3.293877363,3.0889678,3.104766846,3.069640398,3.409799814,3.212538719,3.236181974,3.152315617,3.230670929,3.013731956,3.061841488,3.031304121,3.051444769
1072,3.38539362,3.306397915,3.218113661,3.213204145,3.0989995,3.04767108,3.060791254,3.054028273,3.370795488,3.460916042,3.156275988,3.07977438,3.298522472,3.09172225,3.104122639,3.070687056,3.418295383,3.212845802,3.236734152,3.151132584,3.242005348,3.012686729,3.050900221,3.00372529,3.070818663
1150,3.384172678,3.316709042,3.244657278,3.238099813,3.120615244,3.068254232,3.041163445,3.036941528,3.399085522,3.470389605,3.210065365,3.067282677,3.294168472,3.095506668,3.104024887,3.073066711,3.420346975,3.229917288,3.240337133,3.148965836,3.263708591,3.02366209,3.042333364,3.045031071,3.068199873
1191,3.383563995,3.320674658,3.25556469,3.244431973,3.129794359,3.070368052,3.050451994,3.046125889,3.411088943,3.476655006,3.214584827,3.069776773,3.293870687,3.097238302,3.103689909,3.073334455,3.419214249,3.229429245,3.24049902,3.148903608,3.273319721,3.007149696,3.049599886,3.045501232,3.083833456
1230,3.382985115,3.326369286,3.267667532,3.257390022,3.140411615,3.077640533,3.068805456,3.053071737,3.424090862,3.481215,3.22049427,3.068594456,3.293164492,3.099714279,3.103471518,3.075595856,3.418812037,3.230738163,3.240996838,3.150568008,3.283867836,3.022752762,3.067000151,3.045575619,3.08100009
1269,3.382227898,3.33108592,3.281005144,3.263393641,3.147631884,3.075546265,3.059939623,3.04917717,3.435404539,3.487372875,3.226262093,3.070696115,3.291946888,3.100500107,3.103670597,3.070956469,3.418215752,3.223250151,3.242983341,3.151175976,3.29487586,3.012222052,3.048666954,3.046600342,3.076800108
1310,3.3774755,3.333250284,3.289550781,3.272987604,3.158355236,3.078323841,3.055443287,3.047899485,3.439329863,3.489058971,3.229123592,3.08583045,3.287218332,3.10054636,3.103300333,3.068161964,3.413439035,3.221491098,3.238635302,3.147524595,3.301896811,3.014007092,3.054333687,3.040014505,3.136833191
1388,3.375132084,3.34262228,3.310802221,3.284857035,3.170215368,3.085592985,3.054011583,3.035210848,3.450753212,3.496624231,3.417269468,3.350667238,3.286170006,3.099188328,3.103585243,3.073576927,3.408676386,3.217816114,3.239152193,3.148036957,3.320368767,2.997351885,3.050091267,3.288673639,3.425292015
1429,3.372601509,3.34252882,3.311050892,3.298045158,3.184899569,3.085994959,3.051118612,3.036647081,3.453723192,3.499101162,3.416831732,3.350354433,3.284717798,3.09670043,3.103626013,3.07416749,3.405406952,3.216784239,3.239498138,3.146659851,3.320570469,3.014671087,3.042916775,3.28835392,3.424961567
1468,3.368175268,3.344943523,3.320962906,3.304874182,3.186633587,3.088233948,3.049100876,3.036124468,3.461584806,3.498475075,3.418804169,3.352423906,3.27926898,3.094916344,3.103511095,3.071857691,3.402377844,3.216417313,3.239467382,3.160303116,3.328331709,3.007843733,3.040533304,3.290412188,3.427004337
1507,3.367059708,3.346735477,3.323391438,3.306427002,3.192882299,3.09314394,3.048558235,3.039046049,3.468521595,3.499484301,3.423699141,3.356821775,3.278064728,3.08940649,3.102446318,3.075049639,3.401576519,3.214625835,3.239602327,3.188526869,3.330776215,2.998471498,3.044000149,3.294820309,3.431424856
1548,3.364173889,3.347328663,3.327873945,3.31453228,3.197094679,3.089836359,3.053266287,3.040596008,3.47324872,3.49747014,3.336710453,3.286122084,3.275112391,3.089322329,3.102408886,3.083911896,3.398874998,3.218238831,3.239492416,3.169325113,3.334079742,2.988630533,3.044888735,3.224162579,3.3608284
1626,3.35968709,3.349165201,3.334519625,3.320810795,3.198823929,3.100835085,3.04947257,3.037405729,3.472789764,3.496772528,3.446210861,3.432345629,3.269794226,3.088104725,3.102119446,3.071142912,3.395459175,3.223568439,3.240341902,3.180398703,3.339726448,3.01509738,3.038000107,3.370292664,3.506830692
1667,3.356829405,3.348852634,3.337262392,3.325331211,3.200961351,3.102245808,3.049606085,3.041372061,3.472077131,3.49400425,3.336362123,3.286801577,3.26451087,3.087140799,3.101813555,3.077035427,3.393972874,3.225203276,3.239841223,3.176220655,3.341540575,3.015131474,3.051769733,3.224846363,3.361515284
1706,3.351982594,3.347671032,3.338554382,3.334966421,3.201244354,3.102046967,3.046291113,3.035913229,3.473510504,3.494421482,3.496367931,3.499992847,3.261855841,3.086292505,3.101785898,3.078468561,3.38710165,3.228279352,3.240098715,3.174525976,3.342361212,3.010594845,3.049400091,3.437925339,3.574439526
1746,3.339160919,3.345592976,3.339808941,3.335175037,3.204690695,3.101166964,3.046450377,3.036580324,3.473326206,3.492834806,3.494524479,3.498058558,3.246833563,3.089943409,3.101759672,3.078111649,3.379108429,3.232679367,3.239922285,3.173348904,3.34323597,3.014028549,3.0473032,3.436005116,3.573367357
1825,3.306457281,3.330721855,3.338471651,3.339138269,3.202571154,3.10103488,3.044667959,3.033087254,3.471189737,3.491667271,3.376588821,3.315151691,3.216263056,3.08344841,3.102044344,3.076762676,3.343309164,3.235693693,3.240895748,3.166045189,3.338831663,3.006696701,3.049200058,3.253234863,3.389949083
1865,3.309947014,3.330988407,3.33877635,3.336211443,3.201878071,3.10073185,3.044342518,3.035045862,3.470980167,3.490251541,3.419083357,3.357648849,3.22034049,3.080925465,3.101059914,3.042948723,3.346404314,3.238606453,3.241599798,3.164580345,3.338996887,3.003444195,3.041599751,3.295694113,3.432355881
1905,3.309243679,3.330552578,3.338885069,3.336658955,3.20024085,3.099755287,3.043870449,3.0362432,3.470394611,3.490020752,3.420890808,3.359504938,3.21969223,3.078969479,3.099996328,3.069396973,3.345648289,3.240661383,3.242494345,3.183767796,3.338781595,3.017125368,3.039444923,3.297557116,3.432725191
1944,3.307847023,3.32914567,3.337008238,3.337175608,3.200325251,3.100330114,3.044281006,3.040109396,3.470658064,3.489444494,3.432498693,3.264643669,3.217991829,3.074503183,3.099917412,3.042191982,3.344694614,3.241520882,3.242508173,3.184194565,3.336936235,3.015229225,3.046499968,3.225987196,3.287749767
1984,3.307849169,3.329226255,3.338676453,3.337908745,3.201110363,3.10196805,3.044729948,3.041015148,3.471170425,3.490090609,3.352777719,3.235519409,3.218126059,3.07431221,3.099988461,3.041862726,3.344621897,3.24266696,3.242947578,3.184234381,3.338037729,3.002018213,3.045120716,3.205714226,3.229333639
2103,3.306863785,3.327175617,3.337277651,3.336902142,3.200288534,3.103121996,3.043800354,3.036261797,3.47080493,3.487829924,3.452202797,3.257020235,3.217782021,3.074786663,3.098492384,3.063531399,3.343321085,3.242874384,3.244234085,3.185436726,3.336499691,3.005950689,3.05193758,3.220561028,3.244499922
2143,3.307967424,3.327345848,3.337259293,3.336833477,3.200546741,3.103348732,3.040080786,3.034514904,3.472214937,3.487665892,3.435994387,3.370125532,3.219594002,3.077655792,3.098729372,3.067003489,3.343933821,3.243011951,3.24382782,3.1853652,3.336507082,3.004885197,3.04919982,3.333713293,3.357715845
2182,3.308660507,3.327601671,3.337322474,3.336809635,3.196525097,3.102458715,3.051123142,3.038920164,3.473254919,3.487698793,3.359398127,3.323225975,3.220083237,3.07747364,3.098641396,3.066820145,3.345207691,3.24313283,3.24362731,3.185880899,3.336592674,3.019975185,3.046619892,3.325888634,3.355829477
2222,3.309936523,3.327711821,3.336689472,3.336738348,3.197975159,3.102833271,3.050541162,3.042572498,3.474991798,3.487630606,3.396277905,3.341957808,3.221636772,3.075392962,3.09876132,3.06460309,3.346235991,3.243069649,3.243526936,3.18723774,3.336241722,3.021517754,3.057333708,3.344611168,3.374542952
2302,3.309489727,3.327698708,3.337604761,3.337515354,3.198961973,3.102364779,3.050332785,3.037474871,3.474392176,3.488872766,3.495546103,3.500701904,3.221415758,3.0772686,3.097897053,3.07198143,3.34576416,3.234987974,3.24336338,3.186558962,3.336822748,3.013096333,3.051500082,3.503271818,3.533102989
2341,3.309234381,3.327651024,3.337821245,3.336948872,3.200754881,3.089019299,3.053418159,3.041125536,3.474535942,3.488400459,3.407647371,3.383660316,3.221649647,3.078535795,3.09849596,3.069627762,3.345021009,3.236978054,3.243299723,3.155380487,3.336942673,3.011305332,3.050368547,3.386316538,3.41625452
2381,3.307990551,3.327094555,3.336847305,3.335391521,3.20071888,3.08918643,3.051981449,3.04065299,3.474813223,3.488390207,3.408325911,3.350836515,3.219378233,3.079248905,3.097809553,3.04237175,3.344490051,3.238159657,3.24360013,3.155413151,3.336075068,3.004204988,3.050400019,3.353508949,3.383466005
2420,3.309259892,3.327284575,3.336017847,3.334188938,3.201167345,3.089229107,3.051810503,3.051988602,3.474264145,3.487793446,3.408978224,3.352026939,3.221061468,3.07940197,3.097977161,3.042023897,3.345365524,3.238649368,3.243776321,3.179649591,3.335609198,3.005753756,3.073293924,3.354705095,3.38386488
2460,3.309812069,3.327445269,3.335782766,3.32926631,3.20033884,3.088029146,3.052010775,3.060637236,3.47429657,3.487992048,3.409683943,3.346224546,3.221705437,3.079808235,3.097772837,3.041727066,3.34602356,3.239581347,3.243085623,3.182595968,3.335515261,3.006717682,3.057692528,3.348928213,3.378925323
2540,3.310986996,3.328025579,3.335026979,3.323447227,3.200476885,3.09216547,3.050115585,3.040203333,3.469690323,3.487914324,3.396562099,3.369032383,3.222151041,3.079871416,3.097524405,3.039503574,3.34762907,3.233733177,3.242312431,3.182820559,3.335056782,3.007845879,3.047473907,3.371673107,3.401592016
2579,3.31203723,3.329177618,3.33614397,3.314972639,3.199488163,3.095671654,3.049007177,3.042479515,3.468366623,3.487814903,3.426021814,3.408342838,3.223054886,3.078852415,3.096309185,3.037081718,3.348827124,3.23133111,3.243218899,3.189924479,3.336167812,3.007609367,3.040846109,3.410979271,3.440893888
2619,3.313578129,3.328221321,3.330523729,3.307074547,3.193160772,3.095328093,3.04702282,3.041460514,3.468462467,3.487955332,3.408555508,3.343159199,3.224941254,3.077286959,3.097634792,3.071283579,3.350082159,3.228857517,3.243105412,3.184621572,3.331897736,3.00406003,3.050785542,3.345870018,3.375876427
2658,3.314285755,3.327549696,3.328861713,3.300262213,3.190023422,3.097995281,3.047169447,3.041363716,3.460460424,3.488152981,3.421617031,3.36998558,3.225921869,3.077570438,3.097588301,3.036847591,3.350482941,3.22847414,3.243680716,3.172281265,3.330366611,3.01977849,3.04737401,3.372639179,3.402573824
2778,3.323115587,3.319679499,3.297041416,3.276368618,3.177312136,3.092039585,3.046226501,3.035757542,3.446800947,3.489065886,3.432442904,3.377461672,3.239004374,3.078625441,3.098001957,3.077288151,3.356069326,3.233157396,3.243478537,3.168965816,3.304303169,3.006485701,3.042333364,3.380105257,3.409509897
2817,3.325209379,3.316970587,3.289479256,3.266950607,3.16539979,3.088719368,3.042853355,3.041967869,3.440064907,3.489915133,3.434732676,3.379752159,3.241838217,3.078078032,3.098229647,3.03988862,3.357248545,3.232085466,3.243830681,3.268389702,3.298359632,3.028604269,3.049666882,3.382390499,3.412306547
2857,3.32638073,3.31060338,3.273890018,3.25760603,3.165437222,3.086796522,3.041653156,3.033929586,3.431059837,3.492540359,3.440190315,3.384227276,3.242287159,3.079368114,3.098438263,3.031525135,3.359935284,3.230229139,3.245224237,3.154155254,3.284957886,3.004387379,3.034874916,3.386860847,3.416770458
2896,3.326031208,3.301579714,3.263642073,3.240363121,3.145597935,3.073170662,3.040724277,3.031095743,3.424058676,3.49606967,3.43010211,3.41104269,3.241588116,3.079176903,3.098568678,3.042722702,3.359665155,3.225392103,3.245193243,3.154911995,3.274829626,3.006804228,3.035727501,3.413666487,3.443565845
2936,3.33097291,3.300198555,3.251343012,3.233377457,3.13845849,3.068168879,3.044721365,3.034331799,3.412255526,3.495631218,3.404578209,3.377160072,3.246981144,3.077007055,3.098703146,3.036375999,3.36334157,3.225098848,3.244728327,3.149727583,3.265968323,3.024965286,3.036130428,3.379805803,3.409732342
3016,3.332272053,3.286832333,3.225337505,3.206328154,3.116696119,3.059388876,3.03613472,3.033765078,3.381048203,3.49026823,3.404402733,3.378721476,3.246177197,3.079771757,3.100391388,3.041399717,3.366243124,3.231104851,3.245844126,3.149484396,3.242896318,3.006570101,3.038179874,3.38139987,3.411368608
3055,3.326741219,3.277649879,3.217995167,3.198990822,3.102531433,3.045912266,3.03365016,3.02873373,3.372239351,3.484526634,3.390915632,3.362657547,3.243417263,3.079178095,3.099747658,3.06511569,3.355620384,3.236244917,3.245898008,3.148914814,3.234615564,3.0116961,3.033942699,3.365360022,3.395359278
3095,3.329324722,3.2718575,3.199724197,3.189330816,3.09242177,3.037675619,3.032367945,3.030411005,3.365103245,3.481655121,3.245240211,3.204740763,3.247919798,3.078749657,3.099218369,3.044249296,3.357321739,3.237996578,3.246548176,3.151349545,3.220015526,3.027369499,2.987555504,3.187500954,3.198866606
3135,3.323520422,3.26026988,3.186360121,3.177868128,3.080076933,3.030894756,3.051659346,3.03732872,3.351036072,3.474610806,3.231749773,3.1849792,3.239339828,3.079384565,3.101346731,3.047007561,3.354293108,3.237571239,3.246758938,3.151112318,3.206609011,2.998372078,3.04664731,3.080390453,3.078166723
3174,3.312733173,3.248935699,3.174497843,3.161980867,3.072769165,3.027948141,3.039778948,3.040024042,3.335674286,3.465991259,3.223304749,3.167057753,3.228714466,3.079399347,3.103495836,3.063308001,3.344204426,3.220540524,3.241113663,3.147536516,3.194969893,3.017956018,3.053650379,3.066228151,3.072428942
3254,3.289090872,3.221479893,3.14367485,3.138823986,3.046751022,3.02562952,3.037334919,3.035907984,3.321533918,3.438508511,3.200272083,3.189124346,3.206811428,3.075008392,3.104537725,3.071365118,3.318767548,3.207392454,3.237764359,3.148442745,3.165012598,3.0282197,3.071846485,3.186556101,3.175636292
3293,3.285353899,3.219687939,3.143736839,3.133252144,3.040718794,3.02662468,3.03567934,3.027616262,3.320444822,3.407353878,3.210853577,3.181422234,3.205962658,3.075174809,3.104977369,3.077824593,3.311922789,3.199430943,3.237847328,3.142480135,3.164627075,3.021330118,3.040615559,3.135537863,3.181950092
3333,3.260619402,3.200310946,3.130205631,3.121654749,3.032068729,3.022283077,3.027745008,3.018459082,3.30380559,3.390152931,3.193645954,3.169599771,3.178956747,3.073854923,3.105611086,3.116984367,3.289263725,3.188170671,3.233983517,3.143897295,3.14956212,3.023031473,2.99333334,3.083527803,3.161889076
3373,3.258747101,3.197374582,3.126361132,3.109139442,3.018101931,3.007800579,3.013640642,3.00511837,3.30112195,3.381942272,3.215732813,3.180166483,3.176035404,3.075467825,3.106422186,3.092691898,3.288514853,3.178199291,3.234190464,3.143762589,3.145938873,3.031206131,3.009166718,3.0912714,3.191705942
3412,3.263239861,3.191872358,3.110735655,3.097876072,3.004722834,2.979688168,2.999568462,2.991648674,3.274878502,3.36260438,3.21733737,3.181867361,3.173692703,3.076039791,3.106227875,3.092808723,3.29962635,3.171638727,3.231650591,3.1451478,3.13284874,3.002678633,3.025600195,3.123888731,3.192297459
3492,3.227394819,3.165348768,3.093539476,3.092311144,2.986155748,2.970682621,2.968029737,2.963418722,3.253494501,3.340990305,3.191229105,3.151217937,3.155055761,3.075764179,3.105208397,3.088634491,3.244351864,3.168008804,3.235234022,3.146793127,3.113269091,2.959267378,3.029600143,3.123735905,3.142000198
3531,3.225396633,3.159587622,3.083804607,3.078778505,2.971022367,2.949553967,2.958360672,2.961797953,3.252094984,3.340239525,3.17364502,3.134073257,3.147986412,3.07397151,3.105232,3.044926167,3.24843502,3.168036222,3.2359097,3.200876474,3.10458374,2.938281059,3.01416707,3.109559298,3.135463238
3571,3.224518538,3.156899452,3.079282045,3.0718894,2.963148355,2.940425873,2.950592041,2.952960491,3.235994339,3.332986116,3.231444836,3.189655542,3.148629904,3.073357105,3.105254412,3.046014547,3.24628067,3.168102264,3.229608297,3.144416332,3.100555658,2.946117163,2.998452187,3.143927813,3.191333294
3611,3.202685595,3.140324831,3.068534851,3.069407463,2.954927444,2.932794094,2.92318368,2.933375359,3.238841772,3.324921608,3.215512276,3.175861359,3.126038551,3.071469307,3.103590012,3.045436859,3.225891113,3.16095376,3.227096081,3.150446892,3.088255405,2.95359993,2.934999943,3.151954412,3.179119825
3691,3.173439741,3.127966404,3.065130234,3.062884092,2.944196463,2.893028736,2.922397137,2.939904928,3.228385925,3.336072445,3.203778267,3.163930178,3.100620508,3.06801796,3.101308823,3.043119431,3.191798925,3.143068314,3.205741167,3.146909952,3.082321167,2.955430746,2.89125061,3.13207531,3.168000221
3730,3.163288116,3.113227844,3.053394318,3.06326437,2.936636925,2.890914202,2.920081377,2.936044216,3.221815109,3.338754892,3.171990871,3.15204525,3.08680582,3.058022738,3.099796057,3.043144703,3.184810162,3.139009953,3.188334942,3.131010771,3.070257902,2.972894907,2.884799719,3.121999264,3.156384706
3769,3.154829741,3.10903883,3.052089691,3.061298609,2.931050062,2.879189253,2.90794158,2.929806948,3.21003747,3.328250408,3.176115036,3.15558362,3.078129053,3.055015802,3.098886728,3.040888309,3.176825523,3.133275509,3.166744232,3.130479574,3.068202734,2.967644453,2.871899843,3.131637573,3.173000097
3810,3.148241043,3.103427887,3.048517227,3.059972286,2.926544428,2.876535416,2.901833296,2.917799473,3.203691244,3.322493792,3.145400524,3.119511604,3.071342707,3.051311016,3.098616362,3.040294409,3.170262098,3.13137126,3.143421173,3.096808434,3.064082146,2.950355291,2.872388601,3.09572196,3.112333298
3849,3.137433052,3.096591949,3.045315027,3.054761171,2.920262575,2.871686459,2.890512228,2.906180382,3.199991941,3.159328699,3.134650946,3.116662979,3.055689096,3.044193745,3.097314835,3.040064335,3.163175821,3.125473261,3.112313032,3.066288948,3.06000185,2.931770086,2.856100082,3.098450184,3.104166746
3929,3.122543097,3.085099936,3.037614346,3.049046278,2.910070181,2.847872019,2.854284525,2.877281189,3.181183338,3.3001647,3.127972364,3.107018948,3.041995049,3.039502382,3.096854925,3.037587404,3.147647858,3.116225004,3.071608543,3.025046587,3.051305294,2.88457799,2.827550173,3.083495617,3.105388641
3968,3.112401009,3.077270746,3.032297134,3.042339325,2.903277397,2.843905449,2.840183496,2.864056826,3.172368765,3.132205486,3.107441187,3.104072809,3.033471823,3.035263777,3.097101688,3.037143469,3.135704279,3.107312918,3.060003042,3.002890348,3.045351028,2.861767054,2.802929163,3.078702211,3.108428717
4007,3.105113029,3.071218967,3.027553082,3.043675423,2.899473667,2.84133029,2.835527182,2.846789598,3.157966852,3.277080297,3.11742568,3.097103357,3.027483225,3.032372713,3.097135067,3.072631121,3.127082825,3.10123229,3.054717064,2.988643408,3.040282965,2.844380856,2.783032417,3.072450399,3.109750032
4048,3.093277693,3.062888622,3.02235198,3.036674023,2.894262791,2.832364559,2.816467047,2.824703455,3.157314062,3.276523113,3.092485189,3.07774353,3.012588501,3.026330948,3.096035719,3.060220003,3.117927313,3.08725667,3.049445868,2.997189045,3.03433156,2.828994751,2.773500204,3.063782692,3.074777365
4087,3.08866334,3.058998823,3.019419432,3.03248024,2.889183998,2.824975491,2.805954456,2.804929972,3.155543804,3.107947111,3.071608067,3.065369129,3.008072376,3.019700289,3.09467864,3.066467047,3.113283157,3.082014561,3.046707153,2.986057758,3.031150579,2.786072254,2.751533508,3.041941166,3.065045118
4167,3.064322233,3.043292761,3.011034489,3.021586895,2.874765873,2.811751842,2.788332462,2.787493706,3.150407791,3.269661665,3.069233656,3.050015688,2.979544401,3.00181818,3.092778206,3.061046839,3.092778206,3.058546543,3.035580873,2.985970259,3.021047831,2.784497261,2.745406866,3.02397728,3.043825626
4206,3.054878473,3.036878109,3.009171724,3.021385193,2.871664762,2.806666136,2.787436485,2.793668747,3.147965193,3.267280102,3.073141813,3.047019958,2.969989538,2.990276337,3.088119745,3.066027164,3.083056688,3.050168037,3.033500195,2.984770298,3.017938614,2.79091239,2.745069265,3.021415949,3.051176548
4245,3.04702425,3.03151536,3.005813837,3.021565437,2.866505623,2.801164389,2.784515142,2.792649031,3.171169519,3.29054594,3.115074396,3.063374281,2.962042809,2.976559401,3.085042477,3.071212053,3.075448275,3.041161537,3.031553984,2.985928774,3.014102697,2.786561251,2.739000082,3.036276102,3.067866564
4286,3.042917728,3.030163527,3.006950378,3.02111578,2.860663176,2.796989918,2.783718824,2.796071291,3.169874191,3.289332151,3.101938486,3.046672106,2.957783699,2.962887287,3.067270041,3.013789892,3.070840359,3.035361528,3.031366587,2.98673892,3.014658213,2.802680016,2.74574995,3.030144215,3.058333397
4325,3.02888298,3.01561451,2.992475271,3.010481596,2.854105711,2.792276382,2.782165051,2.792634487,3.144144058,3.263646364,3.079794645,3.036128521,2.944980621,2.919270515,3.022436142,2.96046567,3.055542946,3.031032562,3.031256437,2.9934237,3.000089169,2.81487298,2.750615358,3.017332077,3.043499708
4405,3.021702051,3.009612799,2.987372637,3.006740332,2.845146179,2.787101984,2.779684544,2.785872936,3.143791676,3.263444185,3.200547934,3.233462811,2.938746691,2.904108524,3.000948429,2.93624115,3.045823574,3.024102211,3.032416105,2.992649794,2.994785309,2.800511599,2.756636381,3.221197605,3.219833374
4444,3.011715174,3.000464439,2.97932601,2.996228218,2.836926937,2.784270048,2.776710749,2.782482147,3.140417576,3.260150433,3.220805645,3.242033005,2.929416895,2.900048971,2.989053488,2.92740345,3.036233664,3.005856991,3.031806231,2.991752386,2.986476898,2.785817862,2.748263359,3.243432283,3.238231182
4483,2.995686531,2.989531517,2.972761631,2.984838009,2.830442429,2.781158924,2.773045301,2.772310257,3.135458708,3.255272865,3.225344896,3.237686157,2.914367437,2.890058517,2.971770763,2.962890625,3.018650293,2.981202364,3.031474352,2.990015507,2.978836536,2.786174059,2.739857197,3.23976469,3.25
4524,2.986070633,2.97594595,2.955407858,2.972155809,2.822211981,2.775274992,2.76817894,2.770496845,3.127745867,3.186004162,3.214801788,3.219646215,2.904438972,2.864860296,2.942675829,2.946776628,3.009574175,2.972444773,3.030563593,2.990724087,2.962434292,2.774764299,2.743625164,3.216948986,3.219166756
4563,2.967423439,2.964195251,2.949314356,2.963226318,2.812781096,2.768444538,2.766004801,2.764804363,3.105836868,3.176102877,3.194725037,3.207266808,2.888570786,2.853374243,2.921375751,2.907062054,2.987493753,2.979123592,3.01804924,2.973565817,2.955055714,2.774176836,2.736423016,3.193343163,3.20611763
4643,2.95014596,2.943902016,2.927187204,2.941044807,2.792485714,2.755738497,2.750142336,2.751815081,3.075058222,3.154541254,3.156697989,3.164859056,2.869810343,2.813287258,2.853368044,2.813066244,2.971729279,2.961856365,2.994172335,2.920291185,2.93329215,2.761193991,2.737454414,3.15373373,3.152666807
4682,2.939959526,2.932454348,2.914022207,2.925565958,2.779877901,2.744395971,2.74347806,2.741746187,3.062983274,3.13533473,3.141212463,3.14095068,2.856674194,2.793997526,2.794967651,2.759765625,2.963314295,2.965819359,3.01032114,2.99097681,2.920592546,2.745080233,2.712000132,3.134927034,3.137933016
4722,2.937912464,2.923722267,2.898115396,2.912769794,2.769624233,2.735711336,2.732741356,2.725474119,3.054662228,3.131273746,3.120415211,3.110976219,2.856712341,2.778806686,2.760665417,2.712890625,2.960366011,2.992263794,2.995452881,2.922365189,2.906504393,2.726919413,2.709285975,3.102835655,3.115571737
4762,2.917124033,2.90856266,2.888532639,2.898077011,2.756477833,2.724847555,2.711970568,2.710269928,3.030615091,3.113368034,3.095374346,3.081503153,2.833515882,2.768384218,2.724918604,2.67578125,2.940815926,2.987380981,2.989728689,2.912512541,2.895589352,2.708995104,2.690714359,3.079697132,3.078000069
4881,2.851041079,2.848792076,2.835952044,2.848335981,2.70682025,2.676420212,2.662864447,2.655123711,2.971958876,3.041660309,3.04721117,3.032384872,2.771168709,2.723160267,2.69108963,2.640625,2.871136904,2.942828655,3.006645679,2.987233877,2.841103554,2.657020569,2.639277697,3.032349348,3.029333115
4920,2.845123291,2.83481288,2.813930988,2.825053692,2.691474676,2.659816265,2.639978886,2.635830164,2.949833632,3.019574642,3.040507793,3.026766062,2.761365175,2.696661711,2.692322731,2.648561239,2.869122505,2.934303522,3.007047415,2.986927986,2.821153879,2.639308453,2.613315582,3.030790329,3.030600071
4960,2.848875523,2.823729038,2.786889791,2.811009407,2.66895318,2.63431859,2.622484922,2.614027023,2.929404974,2.999184847,3.015657902,3.021228313,2.768960714,2.692159414,2.695227623,2.660849333,2.868946075,2.887830019,3.003056288,2.982478857,2.797976017,2.614195824,2.594643116,3.038336992,3.031500101
5000,2.818617344,2.799057722,2.771025419,2.785614967,2.648383379,2.609044313,2.597176075,2.59171319,2.911352634,2.981170177,3.00507617,3.014623165,2.737892389,2.690709352,2.69432354,2.674385786,2.839187145,2.887810469,2.998868704,2.918813467,2.780300856,2.592441559,2.57262516,3.020876646,2.98714304
5079,2.763438225,2.757216692,2.740871429,2.755616426,2.610927343,2.564356089,2.544608355,2.540937901,2.870752096,2.940634012,2.963363409,2.969463825,2.683392286,2.666529179,2.690051794,2.67696929,2.78304863,2.849516153,2.926837921,2.848385572,2.747060061,2.541289568,2.495727301,2.980978251,2.942163467
5119,2.751183748,2.743265867,2.726872921,2.746432304,2.595009565,2.542986155,2.519306898,2.540245295,2.863146544,2.933038712,2.954653978,2.962311983,2.673834324,2.648486614,2.689602137,2.677232265,2.767849207,2.77940011,2.921104193,2.921301126,2.732499123,2.511757851,2.47785759,2.97381711,2.934990644
5158,2.750542641,2.736999512,2.712727547,2.732225895,2.582294703,2.525511742,2.504405499,2.515716314,2.849179268,2.919121504,2.94133687,2.948097229,2.671563864,2.647917032,2.689409971,2.675401211,2.768672705,2.807859182,2.897596121,2.825346231,2.720984459,2.505123138,2.551978111,2.959591389,2.920749664
5198,2.746935368,2.729724884,2.702074528,2.720877647,2.567302227,2.508026123,2.482370138,2.488924265,2.835564852,2.905571938,2.927333117,2.934677362,2.668586016,2.644786835,2.689118147,2.670201063,2.764459372,2.751289129,2.862622976,2.850970507,2.710848093,2.486257315,2.543485403,2.946159124,2.907300234
5238,2.741625309,2.720079184,2.687649488,2.716216326,2.557933569,2.494458199,2.46857667,2.466531754,2.822569132,2.892630816,2.914624453,2.921558142,2.666594982,2.64547801,2.689186573,2.66936779,2.755786896,2.732785225,2.842560053,2.771543503,2.697847843,2.468190432,2.523470402,2.933030128,2.894158125
5317,2.702874899,2.69012332,2.665837526,2.690628052,2.530485153,2.453597546,2.420298338,2.398761988,2.800220966,2.870359421,2.706963778,2.694190979,2.628134966,2.629847527,2.688865185,2.664123058,2.7167027,2.707407713,2.760630131,2.73828125,2.673968792,2.395163298,2.417099714,2.668865442,2.650777817
5357,2.69814086,2.682786465,2.656286955,2.680029154,2.518780708,2.436089754,2.405309677,2.38285017,2.790272951,2.860461712,2.698006868,2.697121859,2.616532087,2.622618198,2.686992407,2.669354439,2.718003511,2.692004919,2.723475933,2.652987957,2.664884806,2.381356955,2.368478298,2.673827648,2.643749952
5396,2.68135643,2.666511536,2.6404109,2.668390274,2.505549908,2.423859119,2.382514715,2.36558032,2.77471447,2.844938755,2.681194305,2.689721107,2.606260777,2.612095118,2.686912298,2.67270112,2.694663763,2.682064295,2.684378862,2.646213055,2.648966074,2.368705273,2.352333307,2.658113956,2.685333252
5436,2.674536943,2.6581738,2.631148338,2.659781456,2.494621754,2.413403988,2.365233421,2.350068569,2.765154839,2.835398674,2.672195673,2.656716347,2.598892927,2.60605669,2.687119961,2.669698238,2.689039946,2.675192833,2.649173021,2.6015625,2.639832258,2.354125738,2.340600014,2.648108482,2.634333372
5476,2.657417297,2.643067122,2.618458509,2.652029991,2.485855579,2.395196915,2.349747181,2.339427233,2.752599478,2.822868109,2.659377575,2.656989813,2.582781076,2.590377569,2.686753273,2.669588566,2.67110014,2.662418604,2.617811918,2.564706326,2.626554966,2.352535486,2.334666491,2.653962135,2.644250154
5555,2.638279676,2.625229836,2.600508213,2.640975714,2.466764688,2.37765193,2.329724789,2.321779251,2.734556437,2.804881811,2.641083241,2.641489983,2.560305834,2.562240601,2.676507235,2.661360502,2.65495801,2.630443811,2.588862658,2.512179852,2.6087358,2.322975874,2.315999985,2.638080835,2.648000002
5595,2.629032612,2.616537571,2.593657494,2.630046844,2.460919142,2.372174025,2.323995829,2.316678047,2.727621555,2.797978878,2.634151459,2.627714157,2.554565907,2.549697876,2.664564133,2.594265938,2.642120123,2.61967659,2.588700771,2.547730923,2.601335526,2.317853451,2.307120085,2.61662674,2.626062632
5635,2.618920326,2.607262611,2.585439682,2.61617732,2.451678038,2.363981247,2.315729856,2.310851574,2.719428062,2.789841175,2.625769615,2.611610174,2.548484564,2.5316782,2.652956009,2.57915473,2.628108263,2.610005617,2.583938837,2.536166668,2.592894077,2.315656662,2.289600134,2.604389191,2.611833334
5674,2.608703136,2.600740671,2.581436396,2.611859798,2.442249775,2.360137463,2.31353426,2.306440592,2.715386152,2.785857439,2.621654272,2.59497261,2.538757801,2.505837679,2.622210026,2.55025506,2.617486954,2.598886013,2.582660437,2.535368443,2.588188887,2.309040785,2.30427289,2.59128952,2.592888832
5715,2.587890625,2.583218813,2.56825161,2.606642485,2.431136847,2.35079217,2.312632799,2.301467896,2.702218294,2.772753954,2.608324766,2.577165365,2.519258499,2.491879225,2.616196156,2.543163538,2.595447063,2.589316368,2.579513311,2.532167673,2.574025154,2.304167271,2.291833401,2.579427004,2.573999882
5793,2.580136299,2.570037842,2.548873425,2.582134962,2.410487413,2.340762138,2.310264587,2.316328049,2.682822704,2.753501415,2.588767767,2.574706316,2.510859013,2.475985527,2.589234829,2.516833067,2.589472294,2.544855356,2.57644248,2.504426003,2.556247711,2.316875219,2.379857302,2.562057495,2.568799973
5834,2.5528543,2.554014683,2.541435003,2.57361722,2.402186394,2.333919525,2.307527304,2.320181608,2.67537117,2.74612093,2.581247568,2.55873251,2.497851849,2.460350513,2.561367035,2.486701012,2.538425446,2.485236168,2.572353125,2.49805975,2.546473026,2.324669361,2.353364229,2.56565547,2.563999891
5873,2.51634407,2.527444601,2.529912233,2.566794872,2.39121604,2.323372841,2.304295778,2.301930428,2.663859367,2.73469615,2.569612503,2.549633741,2.439444542,2.427903175,2.542211294,2.510212898,2.532844782,2.471703768,2.572437048,2.496843815,2.531693935,2.31778264,2.275823593,2.542505503,2.545249939
5912,2.512623072,2.522714138,2.516028404,2.549184799,2.381468773,2.315317154,2.295998812,2.294956207,2.649971247,2.720894337,2.555614471,2.533953667,2.445573568,2.421961784,2.527833939,2.498014688,2.504246712,2.528442621,2.567173719,2.492443085,2.52020669,2.300676584,2.264128923,2.53100729,2.52959609
5953,2.49200201,2.502183437,2.504235268,2.543330431,2.371584177,2.306955814,2.287020922,2.28849411,2.638183832,2.709200621,2.749875069,2.753622532,2.437920809,2.400221109,2.48859334,2.458271027,2.483536005,2.532694578,2.535385132,2.459481478,2.505238056,2.298007011,2.260258198,2.749037743,2.75886631
6031,2.444509268,2.464987516,2.477765322,2.517983198,2.343047142,2.29323554,2.270915985,2.265083313,2.611714125,2.682899952,2.687271595,2.691796541,2.361954212,2.353558779,2.402307272,2.37890625,2.466522694,2.522601128,2.532094717,2.45374918,2.476150274,2.276080132,2.25669241,2.692618132,2.69271493
6072,2.433851242,2.453824997,2.460873604,2.499882698,2.332500935,2.284628391,2.260443211,2.254886389,2.594821215,2.666043043,2.657904863,2.656744719,2.352192163,2.329974651,2.366736889,2.337873459,2.455046177,2.51995635,2.56102252,2.52593565,2.461484194,2.269819736,2.240047693,2.656914949,2.657833338
6111,2.424161196,2.440817118,2.447688818,2.482575893,2.318948507,2.276093006,2.249258041,2.242908955,2.581637383,2.652946949,2.629037857,2.618617535,2.340545654,2.319867611,2.335184813,2.2890625,2.447343588,2.516900301,2.561740398,2.533363819,2.447662115,2.25375247,2.233700275,2.618863344,2.622267008
6150,2.40692997,2.424876928,2.431306601,2.470272303,2.30596137,2.263323069,2.24224329,2.23464179,2.565256834,2.636667967,2.591348886,2.575653553,2.331317902,2.308646441,2.301663876,2.23046875,2.419634819,2.504214287,2.561128378,2.532674074,2.431744814,2.240427494,2.227833271,2.570044756,2.577153921
6191,2.392040491,2.410519361,2.41945529,2.455423594,2.288051605,2.255735397,2.233652115,2.227769852,2.553406954,2.575141668,2.548755884,2.526617765,2.311220884,2.29719162,2.262875319,2.186307192,2.411923409,2.497059107,2.559847116,2.535924673,2.418969631,2.240322351,2.212912798,2.518666029,2.498999834
6269,2.363402605,2.375281572,2.377781391,2.386253357,2.256057978,2.234324455,2.214735508,2.209019899,2.511748075,2.511370182,2.462572813,2.427587748,2.27721858,2.269665718,2.249289274,2.170593977,2.39027524,2.470571041,2.554451466,2.536206484,2.378963232,2.210546732,2.20417428,2.412217855,2.419588089
6310,2.351686001,2.359481096,2.355628967,2.392030716,2.239183426,2.220098019,2.21044302,2.20192194,2.489609003,2.487385273,2.413054466,2.380774975,2.269843817,2.259575605,2.251906157,2.200345755,2.372877598,2.462084055,2.555785418,2.540668964,2.35861516,2.208990812,2.200909138,2.361503363,2.389705896
6349,2.324492455,2.335342407,2.337536573,2.343125343,2.220692158,2.210273743,2.195995092,2.191312075,2.471532822,2.439452171,2.32528615,2.32291317,2.245880604,2.257134676,2.264057636,2.202908039,2.343972683,2.439936161,2.50199914,2.418851852,2.338925123,2.199601412,2.182312727,2.317288876,2.309000015
6388,2.303508997,2.316223621,2.317105293,2.346339941,2.202457428,2.201436996,2.183412552,2.181901455,2.451123238,2.41902113,2.325368643,2.285992146,2.227417469,2.22044754,2.26825738,2.226119041,2.321090698,2.231379032,2.466513157,2.382130861,2.318747044,2.191195965,2.185000181,2.268787861,2.271714211
6429,2.288549662,2.299994946,2.301498175,2.341871023,2.189948559,2.187762737,2.17359376,2.169019699,2.435534716,2.389215469,2.287720203,2.240819216,2.219288826,2.2093153,2.268504143,2.217334032,2.296358347,2.200686455,2.442205191,2.357254982,2.303055286,2.176703215,2.153683901,2.221425533,2.236000061
6507,2.252273321,2.267189503,2.271291018,2.299764156,2.174080849,2.181877136,2.128647804,2.137882471,2.344563246,2.340899467,2.209504604,2.171962023,2.188792229,2.19455862,2.265813112,2.217561483,2.257873535,2.21570611,2.497962236,2.497907877,2.272181273,2.128740549,2.148111105,2.147624254,2.175333261
6548,2.250720978,2.260149479,2.262676477,2.290919065,2.167628527,2.180352211,2.130434036,2.132871389,2.321555614,2.321866035,2.185670376,2.146597862,2.187947273,2.193053246,2.264543295,2.22177124,2.255783319,2.223949194,2.509600639,2.484961987,2.263700724,2.127494574,2.133666754,2.130663872,2.149222374
6587,2.25378418,2.255861759,2.24473834,2.274295568,2.16156292,2.180915594,2.098753452,2.10534668,2.30325985,2.291144133,2.154441118,2.119448662,2.196434975,2.19296813,2.262658358,2.216541529,2.255168915,2.223271132,2.48778367,2.446410894,2.249882221,2.111436605,2.101703882,2.082856417,2.129181862
6626,2.250857115,2.248509884,2.235995293,2.266086102,2.161810398,2.18399334,2.100070477,2.093947887,2.277621508,2.276512384,2.136879444,2.098437309,2.198363304,2.189417124,2.26107049,2.219500065,2.244075537,2.196588516,2.456279278,2.4296875,2.241013288,2.088788986,2.104190588,2.068486214,2.100818396
6706,2.234556913,2.230858326,2.216636419,2.172498465,2.167494774,2.196919441,2.097393274,2.079504728,2.233627796,2.234068155,2.100801945,2.061633825,2.193805218,2.183710337,2.254384041,2.227490425,2.215946436,2.154031277,2.300843,2.225411177,2.222074747,2.081288099,2.097643137,2.011596441,2.08107686
6745,2.224959135,2.222013235,2.208506823,2.167866945,2.173685074,2.209495068,2.108526707,2.087682724,2.208252668,2.211773157,2.083563566,2.046010733,2.190668106,2.179809332,2.261460543,2.216639996,2.199878693,2.152977228,2.253674984,2.1796875,2.213763952,2.063331842,2.065088987,2.027319193,2.070333242
6786,2.214778185,2.212989092,2.20049715,2.159125328,2.179344654,2.216464043,2.130607367,2.091542244,2.183891058,2.192111731,2.063171148,2.042568445,2.186996698,2.177218914,2.260782242,2.215521574,2.182317734,2.131738424,2.188814163,2.111134291,2.205508947,2.063254595,2.073199511,2.010524988,2.057833433
6825,2.205527306,2.202352285,2.188377142,2.153068304,2.185523748,2.222746849,2.131532192,2.095096827,2.161329031,2.167065144,2.053596258,2.020343065,2.183178902,2.174821854,2.264141798,2.221749306,2.168541193,2.111420155,2.126020432,2.040148735,2.193763971,2.069034338,2.111249924,2.012359142,2.040166616
6865,2.195763111,2.192784071,2.179361582,2.145512342,2.19248271,2.228549004,2.133316278,2.097201109,2.13604188,2.151123047,2.046047211,2.009353161,2.178679943,2.174138784,2.273440838,2.217911959,2.153564453,2.091758728,2.075006485,2.003527164,2.184577465,2.072121859,2.083233833,2.004315853,2.029999971
6944,2.179085255,2.173374414,2.15744853,2.128215551,2.203165531,2.235980034,2.150285959,2.101773977,2.093795776,2.103154421,2.019420385,1.989468217,2.171024561,2.174143076,2.284923077,2.163304806,2.128261089,2.051680326,2.02813077,1.960752845,2.163262844,2.078243256,2.110062599,1.987823367,2.012666702
6983,2.171513557,2.16290307,2.143694162,2.120602608,2.205018997,2.234362841,2.15223527,2.104024172,2.072594166,2.083413363,2.012708426,1.979176879,2.166894674,2.1749897,2.287330627,2.241122484,2.117591381,2.032858133,2.015221357,1.955591559,2.150369167,2.082894564,2.089769363,1.975988269,1.997444391
7024,2.163353682,2.154063463,2.134698868,2.108346701,2.208027124,2.233814478,2.15342474,2.109177828,2.053709507,2.064295292,1.999216914,1.981744289,2.162769556,2.175195694,2.285820961,2.170454025,2.105189085,2.014352083,2.006016016,1.951084614,2.141361237,2.090144157,2.095658779,1.970748663,2.002142906
7063,2.151081324,2.141769886,2.122293949,2.101082802,2.209345579,2.231668234,2.150210857,2.114127874,2.029913425,2.037743568,1.994252086,1.970696688,2.155289173,2.173277617,2.285342693,2.243552208,2.088483572,2.003842354,1.98903203,1.943428278,2.128992081,2.097945929,2.120047808,1.968500018,1.982647181
7183,2.112694979,2.1033988,2.083774805,2.085334301,2.221921921,2.219631672,2.167226791,2.144638538,1.963657856,1.952632666,1.938574553,1.935972333,2.131471157,2.135514975,2.235940218,2.163797379,2.034632444,1.981284976,1.9838413,1.942486286,2.090515614,2.137946367,2.139374971,1.954748034,1.962888956
7222,2.108901501,2.099295616,2.079245806,2.080729723,2.221908092,2.220000029,2.171366453,2.154318571,1.957994699,1.939558744,1.930037498,1.918578386,2.128543854,2.130162954,2.228832483,2.166806698,2.030874252,1.973150134,1.979429841,1.939953327,2.086104393,2.147279263,2.154999971,1.91252017,1.901423216
7301,2.098998308,2.088780403,2.066509485,2.079374075,2.217867851,2.229902506,2.204113483,2.178544521,1.926244974,1.878371716,1.880132198,1.880240679,2.122592688,2.120566368,2.17732358,2.155742884,2.014499426,1.965510368,1.978931069,1.933675289,2.074058056,2.173466682,2.169449806,1.898429871,1.886370301
7381,2.087557554,2.076425076,2.053760529,2.076578856,2.204690933,2.24473834,2.214352846,2.208348989,1.915210128,1.842151165,1.848915458,1.842138767,2.117123365,2.12123394,2.154457092,2.13854146,1.998244643,1.959150672,1.975718141,1.939198971,2.061324835,2.197798491,2.207333565,1.848398089,1.839611053
7420,2.084334135,2.0727036,2.049384117,2.076043367,2.20296526,2.255282402,2.223565102,2.223371506,1.910302401,1.830224514,1.830116987,1.839966416,2.11604476,2.125418425,2.144575834,2.130360603,1.99370873,1.957415104,1.974720955,1.937724233,2.057119846,2.216277122,2.225841999,1.849020362,1.89388001
7460,2.0761621,2.067369699,2.047114372,2.077025175,2.207818747,2.256093979,2.24989748,2.241250515,1.905100107,1.812581301,1.810940266,1.828515649,2.112172842,2.131085396,2.149929285,2.1484375,1.98267138,1.955474615,1.974434018,1.938474774,2.054070711,2.220932722,2.245961428,1.827781916,1.869828701
7500,2.078246832,2.067954302,2.046396017,2.079216719,2.208932638,2.256979227,2.26019311,2.264474154,1.90265286,1.804663897,1.798827171,1.816732287,2.112392187,2.144435167,2.159442663,2.158203125,1.988061428,1.955904961,1.972127199,1.936569691,2.053682327,2.262601614,2.276499748,1.808945179,1.861670613
7540,2.080376148,2.069206238,2.047138214,2.082211256,2.211399794,2.258676767,2.275565147,2.291153193,1.901187658,1.801504493,1.79010129,1.81067121,2.113058567,2.151483536,2.172177792,2.162109375,1.991590261,1.95569396,1.970650434,1.935369611,2.05453229,2.288212061,2.285062551,1.814997077,1.86116147
7619,2.085146666,2.076048374,2.05647397,2.093628883,2.223103523,2.268937349,2.289613247,2.296134233,1.902190804,1.798897743,1.782136917,1.788938165,2.11248374,2.169579268,2.203844309,2.23046875,2.001907825,1.956418872,1.966259718,1.927170753,2.063222647,2.29316783,2.289992809,1.79784441,1.863030195
7658,2.089390039,2.082969427,2.065242052,2.102829456,2.2321136,2.277759075,2.300335646,2.209441185,1.905426741,1.802014232,1.780708432,1.783794045,2.107074738,2.180801392,2.225502014,2.244140625,2.015435457,1.959641933,1.964912415,1.922648072,2.071584463,2.205474854,2.194999933,1.80156672,1.860571504
7698,2.092340231,2.08900094,2.075481415,2.114970922,2.242419243,2.287909746,2.310959339,2.215549231,1.913200974,1.806355715,1.785687208,1.788204789,2.107401609,2.186566114,2.23470211,2.2608006,2.021187305,1.963210464,1.964574695,1.922844648,2.080688477,2.219494581,2.211999893,1.80058527,1.834666967
7738,2.096946955,2.097210646,2.08630085,2.126594305,2.253224373,2.298649788,2.321884155,2.224896908,1.924327612,1.816340327,1.799454093,1.799456239,2.105739117,2.193227053,2.256966591,2.274767637,2.032261133,1.966635823,1.962387085,1.92284584,2.090952873,2.21751833,2.207000017,1.815595031,1.850200057
7778,2.100808859,2.107451439,2.106446266,2.14423275,2.273297787,2.318599224,2.204169273,2.185822964,1.933786511,1.831543684,1.809140205,1.809990764,2.108013868,2.198910475,2.257927179,2.282092571,2.037705421,1.969131231,1.960653424,1.922742128,2.10833931,2.170794964,2.202083588,1.818429828,1.861624956
7857,2.136814356,2.143158913,2.140361309,2.177956581,2.307123899,2.352314949,2.237029076,2.212738752,1.967073798,1.867622137,1.850472093,1.847016811,2.138686419,2.218739271,2.260651827,2.268470287,2.077748299,1.984998703,1.961991191,1.924313664,2.142971992,2.196341515,2.230083466,1.873122931,1.868818521
7897,2.159318924,2.165570736,2.15907383,2.197977781,2.325793505,2.37093401,2.25515604,2.227920532,1.989622831,1.886645555,1.871253252,1.869690657,2.154471397,2.230025291,2.248925924,2.2629776,2.104571819,2.006340027,1.961283207,1.922093272,2.162692785,2.215504646,2.232736826,1.888138413,1.895624995
7936,2.148305655,2.167293787,2.174790382,2.213571548,2.34147644,2.386576891,2.271053314,2.250143766,2.003782034,1.906860948,1.894509077,1.893447161,2.144185781,2.227997065,2.242057323,2.217897654,2.093696594,2.019651651,1.962746859,1.929601073,2.174363613,2.242376566,2.25353837,1.916511416,1.904600024
7976,2.143431425,2.173206568,2.191600323,2.228514433,2.358250856,2.403309822,2.287606239,2.273827791,2.027184486,1.924568653,1.913362265,1.918362856,2.139629364,2.227280617,2.23623085,2.21500802,2.088953495,2.026767254,1.970376372,1.934939861,2.189003468,2.273722649,2.269000053,1.943221569,1.922250032
8016,2.131010771,2.172781467,2.206064939,2.243171692,2.37268424,2.417705774,2.302089214,2.307893276,2.037601233,1.942390203,1.936730504,1.940361977,2.123891115,2.227456093,2.227875233,2.204108715,2.078211784,2.042184591,1.975056767,1.92782557,2.198632479,2.307738066,2.302947044,1.963472247,1.941666603
8095,2.160306215,2.203559875,2.237417698,2.272966623,2.403978109,2.448930979,2.333255529,2.339055538,2.070127487,1.974841118,1.970543265,1.978747964,2.147365332,2.239548683,2.225075245,2.248001099,2.114055395,2.122154236,2.021724463,1.999967694,2.230770111,2.338846684,2.333986521,2.007880688,1.973091125
8135,2.165706396,2.213742733,2.250116825,2.28703022,2.416649342,2.461567879,2.34586525,2.351663113,2.083341122,1.987699628,1.984202504,1.993874669,2.152556419,2.254086733,2.261487961,2.263942003,2.119581223,2.127459049,2.048904419,2.006266117,2.24309659,2.351428986,2.346537113,2.019800663,1.969628692
8174,2.171220064,2.220525026,2.26363802,2.298903465,2.430145502,2.475034475,2.359328747,2.365124226,2.096543789,2.00062418,1.997962356,2.020381451,2.158398151,2.270432472,2.262821436,2.237364531,2.124477625,2.146885395,2.0785532,2.072351933,2.254356861,2.364866495,2.359944105,2.029062033,1.979308605
8214,2.224181175,2.251708508,2.275291443,2.311711311,2.441776752,2.4866395,2.370918989,2.376712322,2.106800795,2.011142969,2.009347916,2.033877134,2.228501558,2.279078484,2.262957096,2.237659693,2.152643681,2.170847893,2.114094496,2.089299202,2.270842075,2.376434326,2.371486187,2.045550585,2.065370321
8254,2.251270294,2.274251223,2.287890911,2.32375288,2.454357147,2.49919796,2.383470774,2.389262438,2.11455369,2.023178339,2.017990351,2.042057753,2.256325006,2.279566765,2.253189802,2.272321224,2.189195633,2.209454298,2.146876335,2.137195349,2.286288023,2.388961315,2.383983612,2.052466869,2.077942371
8334,2.291838646,2.306127548,2.314194441,2.347732544,2.480611801,2.525394201,2.409645796,2.415431976,2.140336514,2.047319412,2.037720203,2.059463024,2.297445536,2.289997578,2.227178812,2.21608305,2.225087643,2.271705627,2.237383842,2.233697891,2.313889265,2.415092945,2.410067797,2.066788912,2.1065557
8373,2.305996418,2.319652557,2.321345806,2.357185841,2.487746239,2.532507658,2.416751385,2.422535181,2.152577877,2.060059786,2.050651312,2.068110466,2.311232805,2.313440323,2.24738884,2.235648632,2.240604877,2.278153419,2.239159584,2.212431431,2.322753191,2.422184467,2.417144775,2.084614277,2.112900257
8412,2.314795256,2.331232548,2.337772846,2.370727062,2.504141808,2.548864603,2.433096886,2.438876629,2.164687157,2.072251081,2.053728104,2.073174,2.317961693,2.316447258,2.259081364,2.26118803,2.251416922,2.287724257,2.244478226,2.216772556,2.338080406,2.438511372,2.43345499,2.080368042,2.122333288
8452,2.334279299,2.345516682,2.346190929,2.379353762,2.512534618,2.557224035,2.638883114,2.656974077,2.178515911,2.087257624,2.062003613,2.078803301,2.342331886,2.323770285,2.259660721,2.263040543,2.266479254,2.311199188,2.268810511,2.236970186,2.348157883,2.651815653,2.662499905,2.077149153,2.133315802
8492,2.374318123,2.37103653,2.357963324,2.389023304,2.524282694,2.568941832,2.660401344,2.683139563,2.190752745,2.102342367,2.070098162,2.073182583,2.380320787,2.333459616,2.262260437,2.264180899,2.307351828,2.318728209,2.270260572,2.239067316,2.363129854,2.68567276,2.669749975,2.092682838,2.137624979
8571,2.382445812,2.384351492,2.373861551,2.40614295,2.540150166,2.584771395,2.695595026,2.713912964,2.215234041,2.134828568,2.100693941,2.086554289,2.3921206,2.360557795,2.285061121,2.270573854,2.311858892,2.305547476,2.242850065,2.216473341,2.378579378,2.713323593,2.697733402,2.102520943,2.126143217
8611,2.410391569,2.404051304,2.387026072,2.416471481,2.553300858,2.597907782,2.715119839,2.73068738,2.226863861,2.148598671,2.131896973,2.099591017,2.416658878,2.373425722,2.290679932,2.271887064,2.343827486,2.329576492,2.25697422,2.2471838,2.393364668,2.740206003,2.723500252,2.113855362,2.174000263
8691,2.422121048,2.422183037,2.411003828,2.440294027,2.577278614,2.621893644,2.738564968,2.767769337,2.261872292,2.182399273,2.153927326,2.137937546,2.427462578,2.383195877,2.428001165,2.399264574,2.355481386,2.412363291,2.324632406,2.296094179,2.415793657,2.777299166,2.760612249,2.142950058,2.186437607
8730,2.441654205,2.436198711,2.420108318,2.448945999,2.586384535,2.631005049,2.747669458,2.776871443,2.271945477,2.201955795,2.176230192,2.16596818,2.447430611,2.407740355,2.42788887,2.398010492,2.374530077,2.435896158,2.317895412,2.31929183,2.426093578,2.786402225,2.769717693,2.179116726,2.251666784
8810,2.484138966,2.470799923,2.446896553,2.476116419,2.613182783,2.6578269,2.774482965,2.803681374,2.304717541,2.227346182,2.219157696,2.225227594,2.48765707,2.442365408,2.428223372,2.399525166,2.4192307,2.41234231,2.307126284,2.361687183,2.4547894,2.813216925,2.796540499,2.232033491,2.287125111
8849,2.497027159,2.486232758,2.463118315,2.489675999,2.629414082,2.674076319,2.790732145,2.819915295,2.32412672,2.242169142,2.245804071,2.260468006,2.503210545,2.473007441,2.428156137,2.445359707,2.429362535,2.417001486,2.311203718,2.39489007,2.470956326,2.829453707,2.812782526,2.27665925,2.318285465
8888,2.508839607,2.499172926,2.479024887,2.509131908,2.645328045,2.690005779,2.806663513,2.835860252,2.340051413,2.25795126,2.27204299,2.28166604,2.5154531,2.479618073,2.431625128,2.449157238,2.440720081,2.41950345,2.311107635,2.401319504,2.486021042,2.845402002,2.828735828,2.31088376,2.287428617
8929,2.531131983,2.518379688,2.494814157,2.523244381,2.661123991,2.705815077,2.822474241,2.851649761,2.356340408,2.277654886,2.296760798,2.31712079,2.543251276,2.51893878,2.431553364,2.498346806,2.458212852,2.422829866,2.310021877,2.334028721,2.502648354,2.861196518,2.844537497,2.347218037,2.313308001
9007,2.552206755,2.548948288,2.533593178,2.541291475,2.699917078,2.744639635,2.861306906,2.89046216,2.394860268,2.314302444,2.351245165,2.378219843,2.557941914,2.616934776,2.425439358,2.504369974,2.484657288,2.431077003,2.376499653,2.406440258,2.539378166,2.900026321,2.883391619,2.410681009,2.362099886
9048,2.56729269,2.567238331,2.556542873,2.548519373,2.722867966,2.767597437,2.884268999,2.9134233,2.412100554,2.331144333,2.383437872,2.402245045,2.569851875,2.641350746,2.673052311,2.695667267,2.50515914,2.435815334,2.376318932,2.406630516,2.561245441,2.922998667,2.906378746,2.44112277,2.394846201
9087,2.584618568,2.584470987,2.571566582,2.577035189,2.73789072,2.782621861,2.899296761,2.928449631,2.440377235,2.349251986,2.399399281,2.423782825,2.587581158,2.661756039,2.777990103,2.8125,2.519762278,2.444042683,2.428026199,2.41715765,2.576832771,2.938033819,2.921426058,2.455178261,2.397666931
9126,2.635156631,2.615944147,2.593758345,2.592259884,2.760080338,2.804814339,2.921494007,2.950641394,2.469589949,2.375393152,2.429152727,2.455079317,2.64063549,2.698864937,2.801548958,2.835677147,2.567284346,2.449081182,2.429486513,2.394168139,2.600893497,2.96023941,2.943650246,2.499879599,2.427733421
9167,2.647683382,2.639006615,2.618721962,2.620173693,2.785044909,2.829785585,2.946472883,2.975619078,2.478281736,2.392755508,2.443448067,2.468574762,2.652129889,2.71246171,2.825637579,2.851711035,2.582367659,2.461629152,2.431613445,2.40624094,2.626111746,2.985229492,2.968657017,2.507707834,2.453333378
9246,2.70897913,2.693861961,2.666361809,2.657740593,2.832692862,2.877456665,2.994160891,3.023305893,2.536902428,2.436495543,2.479464769,2.502697468,2.715200186,2.751258612,2.815608501,2.828538418,2.64232707,2.515936613,2.450174093,2.421220303,2.675389767,3.032935143,3.016387701,2.535796881,2.510666847
9286,2.717662334,2.710997343,2.690350294,2.692789793,2.856691837,2.901477575,3.01819396,3.047337294,2.55201602,2.458397627,2.500331402,2.515914917,2.711459875,2.761701345,2.827730179,2.841943979,2.662725449,2.543897152,2.45741272,2.43359375,2.69736743,3.05697751,3.040444374,2.549581051,2.515200138
9325,2.739362001,2.731552839,2.71028924,2.709271669,2.876649618,2.921468258,3.03820014,3.067344189,2.573253632,2.473266125,2.503315449,2.522708654,2.7458601,2.782091856,2.850064993,2.821811199,2.671876431,2.584490538,2.476049423,2.448003054,2.717879295,3.076995134,3.060476542,2.559988499,2.516571522
9364,2.745384693,2.743457317,2.733950853,2.734293699,2.900323153,2.945166588,3.061911583,3.091055632,2.589840412,2.493213177,2.516053915,2.538828611,2.752386332,2.793626547,2.8440938,2.815313339,2.677523613,2.61645484,2.505685806,2.47108531,2.737742901,3.10071516,3.084207773,2.573889256,2.551499844
9405,2.76692009,2.767676592,2.755568981,2.755703211,2.921960592,2.966837406,3.083600044,3.112739325,2.618756294,2.50539422,2.530920029,2.547016382,2.775246382,2.806269407,2.848006725,2.844084978,2.697826385,2.6498487,2.520181894,2.54296875,2.760921955,3.122411966,3.105922222,2.581623793,2.551873207
9483,2.808213711,2.800669432,2.782911777,2.785408974,2.949335098,2.994268894,3.111060858,3.140220404,2.634692669,2.530294418,2.532976151,2.565244675,2.816613197,2.841429949,2.869387388,2.841586113,2.739611626,2.712501526,2.596471071,2.584401131,2.789263964,3.14991498,3.133453846,2.572840214,2.615444422
9524,2.820557594,2.81673193,2.803269148,2.797499895,2.969718933,3.014698505,3.131514549,3.16065526,2.649850607,2.545910835,2.548556566,2.587847471,2.826443672,2.84149456,2.868109465,2.891506195,2.754106045,2.733698606,2.623290539,2.602816343,2.808443546,3.170366287,3.153927088,2.588444948,2.624146223
9563,2.832698584,2.8274858,2.811754465,2.817247152,2.97821641,3.023217201,3.140045166,3.169186592,2.664480209,2.561228514,2.552394152,2.586826324,2.838242292,2.850974083,2.869178772,2.723413706,2.766623974,2.768162251,2.669394016,2.666398764,2.817606211,3.178907633,3.162481546,2.587218761,2.627517462
9602,2.851085424,2.845395565,2.829507351,2.8308146,2.995989799,3.041027546,3.157877445,3.187021732,2.676651478,2.571605682,2.56914711,2.598634958,2.853107691,2.859480619,2.831007481,2.721103907,2.788997889,2.781171083,2.755672932,2.734102011,2.835359335,3.196760654,3.180357695,2.59415555,2.639434099
9643,2.860668182,2.855879784,2.840656519,2.842670918,3.007158995,3.052231789,3.169101715,3.198246002,2.686633348,2.581504107,2.569001436,2.610377312,2.86741209,2.871546507,2.839650631,2.799942017,2.794510841,2.794117212,2.824063778,2.793989658,2.846375704,3.208001375,3.19162035,2.602113962,2.648411512
9722,2.89385128,2.885898113,2.867568254,2.865328789,3.034104586,3.079238892,3.196150541,3.225293875,2.70600915,2.60992384,2.592464685,2.612555265,2.902333736,2.886055708,2.865080118,2.826502323,2.825377464,2.830845594,2.860769272,2.843095541,2.874070883,3.235087633,3.218756437,2.598265648,2.668345213
9762,2.915455341,2.897911549,2.872012615,2.875695705,3.038560629,3.083714485,3.200639963,3.229783058,2.718244553,2.618251085,2.59895277,2.615502596,2.924580812,2.893865108,2.86716032,2.830153227,2.84578371,2.88654542,2.831694841,2.835318804,2.880163431,3.23959136,3.223279715,2.606882811,2.674529552
9841,2.94585681,2.921730757,2.887547255,2.892443419,3.054133415,3.099354744,3.21633029,3.245471239,2.738568306,2.646046638,2.622643232,2.615644455,2.947494507,2.924257994,2.884451628,2.851004839,2.88447547,2.905792952,2.877486229,2.838729382,2.897955894,3.255330324,3.239084721,2.638330698,2.696571589
9881,2.94945097,2.924982309,2.890281677,2.895674229,3.056881666,3.102127075,3.219120741,3.248260975,2.742640495,2.657371998,2.641801357,2.627657652,2.953854322,2.938701153,2.875754118,2.836691141,2.88512969,2.907681227,2.855603933,2.816456795,2.900837421,3.258139133,3.241918087,2.646960974,2.707400084
9960,2.940736532,2.921587229,2.893438101,2.895153046,3.060086012,3.105412006,3.178131819,3.198471546,2.763568878,2.685484886,2.681767941,2.663408279,2.943903208,2.963822365,2.896903992,2.856359243,2.878625393,2.919998407,2.85668993,2.849014997,2.902328491,3.206875324,3.202500105,2.677673817,2.740999937
10000,2.930794477,2.920719862,2.900083542,2.899194241,3.066764832,3.112149239,3.166927576,3.178118706,2.770595551,2.706032753,2.682394266,2.677578449,2.936167002,2.936179638,3.032633781,2.992366791,2.866876841,2.939809322,2.871852398,2.830194712,2.9074018,3.173430443,3.152500153,2.68896246,2.667999983
10039,2.932796478,2.920328379,2.897321939,2.898415327,3.064031363,3.109462023,3.139697075,3.14006424,2.77404213,2.718681812,2.695588589,2.699045658,2.93995285,2.937165022,3.033187866,2.993387938,2.867269993,2.954781771,2.928031206,2.887092113,2.905153513,3.156389475,3.154999971,2.716417313,2.69106245
10079,2.950233698,2.930938244,2.901664495,2.902283192,3.06840539,3.113889933,3.127319813,3.120629787,2.783264399,2.737988234,2.719184875,2.72315526,2.961594105,2.94678998,3.034891129,3.017494917,2.880915165,3.010426521,2.931818247,2.926772833,2.910921812,3.112355471,3.103571653,2.739510775,2.735000134
10119,2.948263168,2.93148303,2.904545069,2.902026176,3.07130599,3.116825581,3.123060703,3.093616724,2.789862871,2.749970913,2.749137878,2.743681669,2.962130547,2.988725662,3.035460711,2.995937109,2.875888824,3.044655323,2.96998024,2.971460819,2.913127899,3.077070951,3.061999798,2.752042294,2.744900465
10198,2.924010277,2.922885418,2.912064791,2.907516479,3.078877687,3.124488831,3.045539856,3.054299593,2.807032347,2.788864851,2.778601646,2.790552139,2.945542097,2.997653723,3.037881374,2.991098642,2.84421134,2.936851263,3.017116547,3.029571056,2.916535854,3.025915861,3.016000271,2.796972275,2.787833214
10238,2.992670774,2.957019091,2.921827793,2.911682367,3.08866024,3.134308338,3.048448086,3.039241791,2.814797401,2.808031797,2.811500788,2.815077066,3.012227774,3.062691212,3.011111736,2.963883877,2.915350437,2.954188585,3.057762146,3.095483303,2.93073678,3.022541523,3.036888838,2.823022604,2.806928396
10278,2.994278908,2.963625669,2.929339886,2.91870141,3.09618783,3.141864777,3.0564816,3.045247078,2.824814081,2.826083183,2.82709074,2.843204975,3.012406826,3.035536766,3.02675724,3.027108908,2.918318987,2.956340313,3.140675306,3.057597399,2.939638376,3.01233387,3.019799948,2.870068789,2.847200155
10317,3.004980564,2.978043556,2.941827297,2.926824331,3.108696699,3.154415131,3.062229156,3.042149782,2.839021921,2.861698389,2.835031748,2.860805988,3.020269156,3.030526161,3.1298666,3.153632402,2.93224597,2.963612318,3.042393923,3.01318121,2.95249939,3.023360729,3.028400183,2.873395205,2.85847044
10397,3.036273479,2.999637842,2.954137564,2.937988281,3.121036291,3.100839138,3.057353258,3.040122271,2.867246389,2.90639019,2.899419546,2.897759676,3.047934055,3.006330967,3.146294117,3.084082127,2.966361761,2.988489389,3.047587633,3.026957989,2.967206717,3.026142597,3.048285484,2.89192009,2.894222498
10436,3.040229082,3.005790472,2.95884037,2.931165695,3.052427769,3.09272027,3.057594061,3.037865639,2.880702019,2.927564144,2.906195164,2.91643858,3.045050859,3.023608208,3.14541173,3.088956833,2.97900939,2.992353439,3.063990593,3.03247261,2.973497391,3.033163548,3.031400204,2.912869453,2.907799959
10476,3.042144299,3.007635832,2.963311195,2.907729864,3.05373621,3.093406677,3.054158688,3.036955357,2.893837214,2.948727608,2.943730116,2.939486504,3.045411825,3.026292801,3.127588987,3.064896584,2.982362509,2.994986534,3.10368681,3.033840656,2.97624588,3.037350178,3.046545744,2.938448906,2.928368807
10516,3.05072093,3.015479803,2.97023654,2.907217979,3.051073074,3.089943409,3.045540571,3.035680056,2.908906937,2.968933105,2.958380222,2.959939957,3.04805088,3.02691102,3.100069523,3.059148788,2.998239994,3.002197981,3.118613005,3.084799528,2.983602762,3.029868603,3.009333372,2.95645833,2.9417274
10595,3.081659794,3.038009644,2.984772444,2.911071777,3.024536133,3.085300446,3.042055607,3.012564898,2.951851368,3.02225399,3.019154549,3.011534929,3.062855959,3.023863554,3.095412731,3.047117233,3.044419765,3.025072575,3.151657581,3.111757994,2.99987936,3.011774063,3.013166904,3.023275375,2.994999886
10674,3.114559889,3.058064699,2.991790295,2.914212227,2.998458385,3.061648846,3.049472809,3.011618376,2.988912344,3.067065716,3.070628405,3.061401844,3.086626053,3.025769234,3.09829545,3.045506954,3.086664915,3.032807589,3.135810137,3.01207757,3.009872675,3.003893852,3.016000032,3.063649416,3.03913641
10714,3.123171329,3.0633955,2.993653536,2.918851137,2.984686852,3.059509754,3.050564528,3.003461361,2.996553183,3.09571147,3.094187021,3.085368633,3.091183662,3.024594784,3.098687172,3.043845415,3.100650311,3.033591986,3.13475275,3.011587381,3.013008595,2.997213364,2.997272491,3.088009357,3.071136236
10754,3.150590181,3.075871944,2.995452881,2.917013168,2.973758221,3.050732374,3.035363197,3.008335114,3.018390894,3.115677595,3.13658905,3.12468648,3.110170364,3.023270369,3.100953817,3.052886724,3.136109829,3.038187027,3.13019681,3.102689266,3.017100573,3.022123337,3.016142845,3.139696836,3.105700016
10793,3.165195227,3.08518219,2.998505116,2.920189857,2.960957289,3.045349598,3.032711267,3.000048876,3.031997681,3.149849892,3.161773205,3.164136171,3.122706175,3.020695448,3.101941347,3.050884724,3.152357101,3.044271708,3.127271652,3.009615898,3.021735668,3.017614126,3.012000084,3.174110889,3.159666777
10834,3.183595657,3.097393036,3.001728058,2.928611994,2.956158161,3.037410021,3.026626825,3.002821922,3.055077553,3.173368216,3.207492113,3.214429379,3.138916731,3.015639544,3.101376057,3.05009222,3.172977686,3.061060667,3.134681702,3.021346569,3.027558327,2.987135172,3.004353046,3.235105991,3.203999996
10912,3.263857126,3.137154341,3.005294561,2.938066483,2.948075294,3.006963015,3.01704669,3.006900311,3.096160412,3.237741709,3.285754204,3.311659575,3.207975864,3.007853985,3.102232695,3.050297499,3.26171875,3.092626572,3.134618044,3.035404682,3.039839029,2.986334562,3.011100292,3.324456692,3.306900024
10952,3.264464617,3.142307758,3.012293577,2.947733164,2.956326962,3.002230883,3.018415928,3.00888443,3.11214757,3.264112949,3.304613829,3.340588808,3.211022615,3.01128006,3.103222609,3.052237988,3.262000322,3.096481085,3.138536215,3.042151928,3.046601772,2.980104208,2.993666649,3.361292362,3.336666822
10992,3.259850025,3.141236305,3.013262272,2.952600956,2.954546928,3.002573967,3.021734238,3.019367695,3.121970415,3.27862978,3.338707924,3.369621277,3.204362869,3.025240898,3.103745699,3.069206238,3.260464668,3.115700006,3.146668196,3.085187435,3.047067642,2.990492105,3.025500059,3.385764599,3.365818024
11031,3.319829702,3.175308943,3.021419048,2.971196413,2.956618547,2.995940924,3.02668047,3.019537449,3.142632008,3.300889015,3.363547087,3.391586781,3.269351482,3.028946638,3.105161667,3.066450357,3.315116405,3.12210393,3.150575161,3.057103634,3.061677933,3.003456354,3.035333157,3.413478374,3.40199995
11111,3.306272745,3.175644159,3.041494608,2.992148876,2.992879391,3.012529135,3.033987522,3.042973995,3.174694061,3.307999134,3.395082235,3.432678461,3.237431526,3.048710585,3.110113859,3.08669591,3.318581581,3.129215717,3.151824713,3.061191559,3.077434778,3.051241398,3.048749924,3.454590082,3.443137407
11150,3.304177046,3.180181742,3.049669266,3.001548767,2.992872,3.011468649,3.040035248,3.033352375,3.187174797,3.335916281,3.41715765,3.454754353,3.23584342,3.048389673,3.109158993,3.088359118,3.316921711,3.129330158,3.146833897,3.07506609,3.084170103,3.024930477,3.047110796,3.476719618,3.465335369
11191,3.300108433,3.182780743,3.058098316,3.014241934,2.99694252,3.013978004,3.043556452,3.040441036,3.191851616,3.335705042,3.418741226,3.456338167,3.227812052,3.047120333,3.107914686,3.085869074,3.316957474,3.130077124,3.146680832,3.072122335,3.090982199,3.023802996,3.040000439,3.478301048,3.465705872
11230,3.308130264,3.197986603,3.078418493,3.035326958,3.007835627,3.047203064,3.051938295,3.042040348,3.214898348,3.366384029,3.43246007,3.470055819,3.241099834,3.047546148,3.116164923,3.057422161,3.319899082,3.149385452,3.147009611,3.063527107,3.110077381,3.049974918,3.03670001,3.492040873,3.480683088
11269,3.309940815,3.20390892,3.089569569,3.050339222,3.015332699,3.04659605,3.054292679,3.042364836,3.218844175,3.367592335,3.43445611,3.472052097,3.245279789,3.050157547,3.113933802,3.10846734,3.3201406,3.166266441,3.143594742,3.092364788,3.1198318,3.022096395,3.057666779,3.494045973,3.482699156
11349,3.326701403,3.225708008,3.114523649,3.082096815,3.045804262,3.052089691,3.056935549,3.043235064,3.24972415,3.399051428,3.45801568,3.495610714,3.247685909,3.049154043,3.113187551,3.072704792,3.35251379,3.17611146,3.147067547,3.077476025,3.144078016,3.028630018,3.052307606,3.517618418,3.506289959
11388,3.304077387,3.225304127,3.13659668,3.104207277,3.061535835,3.050905704,3.05234766,3.052740812,3.274394989,3.414058685,3.47309351,3.51068306,3.221536636,3.050177336,3.112398148,3.073148251,3.332258701,3.185390472,3.147555828,3.092209816,3.15916872,3.023646116,3.081000328,3.532708168,3.521402597
11429,3.31024003,3.234637499,3.146016121,3.114787579,3.067827702,3.060191154,3.030729294,3.032727957,3.289513588,3.411826611,3.499140501,3.536731005,3.222947836,3.052391052,3.114235878,3.072628736,3.345232487,3.192039251,3.147810698,3.074299097,3.169961929,3.034951687,3.018000126,3.558790684,3.547528744
11468,3.263308764,3.229905605,3.167312622,3.140439987,3.079664469,3.062815189,3.069622517,3.04158926,3.324059725,3.447823286,3.535177708,3.572744608,3.174763918,3.04908371,3.110338211,3.079199076,3.298509359,3.197566032,3.141288519,3.065956116,3.180696487,3.034084797,3.033499718,3.594846249,3.58363986
11587,3.315827608,3.279704809,3.208000898,3.179736853,3.10270834,3.043807983,3.066867828,3.057855606,3.359222889,3.464238644,3.551655531,3.589223146,3.22877264,3.091856241,3.119359016,3.080322027,3.349606991,3.180355072,3.159280539,3.074406385,3.225609303,3.036351681,3.054000139,3.611378431,3.600241423
11626,3.316049814,3.27602911,3.214775562,3.195417643,3.110075712,3.045334578,3.064462662,3.056614161,3.373440027,3.46614933,3.55357337,3.591142416,3.23099947,3.090177298,3.121723175,3.081088781,3.349264383,3.193741798,3.160834312,3.073493958,3.230640888,3.031870604,3.032999754,3.613335371,3.601620674
11667,3.33910799,3.288289309,3.224328756,3.203934669,3.12137723,3.074139357,3.063543081,3.045588732,3.386750698,3.467003584,3.554434538,3.592008591,3.254900932,3.084510326,3.120902538,3.078538179,3.370236874,3.205579042,3.17155695,3.082056522,3.242279053,3.028980732,3.021857262,3.614171982,3.603044033
11706,3.339631796,3.289118767,3.236438036,3.220232725,3.127385616,3.069152832,3.063628435,3.060457706,3.388895035,3.468548298,3.535515785,3.573078394,3.255736113,3.094272852,3.120918751,3.080907822,3.370099545,3.203759909,3.17268014,3.081809044,3.249996662,3.020336151,3.033624887,3.595211029,3.584044218
11825,3.355423927,3.316230536,3.267435551,3.252321959,3.14400959,3.075232029,3.060672045,3.058254957,3.413649082,3.473209143,3.532109022,3.569648981,3.268340588,3.094527721,3.117847204,3.063489437,3.391590834,3.192998648,3.169897556,3.080058813,3.281691551,3.02819562,3.036636353,3.591773033,3.580595016
11864,3.357351303,3.321009398,3.274987698,3.264181137,3.15180397,3.071916342,3.063047409,3.049811602,3.424969196,3.475005388,3.533400059,3.570939302,3.269964218,3.096978664,3.116884947,3.065169334,3.392502546,3.197247505,3.170794487,3.081983805,3.288229704,3.030709267,3.055000067,3.593067408,3.582521439
11905,3.358091593,3.326072216,3.289481878,3.268105268,3.153289795,3.076980829,3.062392235,3.053931236,3.427201748,3.475317478,3.534707546,3.572241783,3.270365238,3.096091509,3.11694622,3.064665318,3.393394232,3.198224545,3.170219183,3.085587025,3.299967289,3.033428192,3.02125001,3.59437561,3.5831604
11944,3.358520269,3.331148863,3.297841549,3.279742718,3.157370329,3.080004454,3.062746048,3.054028034,3.434239864,3.474611044,3.532132864,3.569658756,3.271771193,3.096463442,3.115660906,3.071264744,3.393379927,3.198589325,3.171704054,3.085949898,3.307940722,3.046682835,3.044846296,3.591794252,3.580962181
12063,3.356648207,3.340926647,3.322853804,3.307224035,3.188755751,3.085117579,3.069458723,3.054757357,3.445108175,3.472755671,3.526790142,3.564290524,3.271816969,3.097116709,3.10053134,3.078736067,3.388552427,3.183025837,3.168591499,3.093063593,3.328723431,3.040307522,3.053333282,3.586455345,3.575329065
12103,3.356669426,3.342467546,3.322366476,3.312367439,3.189033508,3.078707218,3.069817066,3.061446428,3.446484566,3.472521305,3.531019211,3.568519831,3.271302462,3.095961809,3.097316265,3.06339407,3.389387369,3.182666063,3.169585943,3.091804743,3.329050064,3.013259411,3.070749998,3.590688705,3.579566956
12143,3.357373714,3.346189976,3.330319166,3.321904659,3.203893185,3.100670576,3.066197395,3.052334309,3.453624249,3.475236416,3.54522562,3.582723618,3.269737005,3.095926762,3.088234425,3.046809435,3.392362356,3.185245991,3.170384884,3.093706369,3.335752964,3.025640965,3.02699995,3.604900837,3.593789101
12182,3.35655117,3.347458601,3.332831621,3.32732892,3.205341578,3.094702721,3.076882839,3.060163498,3.454647541,3.476270676,3.546624899,3.584118366,3.267258883,3.095020294,3.078434706,3.046194553,3.392793655,3.18901515,3.174123287,3.107644796,3.338084698,3.022972584,3.022500038,3.606303692,3.595202684
12262,3.355062485,3.351022005,3.341198444,3.339644194,3.21296072,3.10326004,3.073660374,3.057507515,3.447456837,3.48176527,3.553588629,3.59108448,3.267350674,3.094066143,3.064246178,3.051781416,3.387828827,3.190629959,3.178115845,3.112428904,3.345172167,3.023447275,3.03000021,3.613271713,3.602172852
12301,3.355361938,3.351205111,3.340733528,3.343570948,3.211203814,3.103225708,3.070825338,3.07385397,3.450822353,3.478964806,3.556560516,3.594056606,3.266341925,3.093904972,3.063920975,3.038211823,3.392351151,3.196261644,3.178169966,3.112251282,3.345017195,3.027251959,3.03242898,3.61624527,3.605148077
12341,3.365926743,3.359372854,3.345062494,3.347757101,3.211071491,3.102758169,3.081423998,3.048587799,3.453487396,3.481766701,3.506001711,3.543497562,3.279577494,3.094927073,3.063783884,3.034255028,3.39996171,3.206877232,3.180145502,3.112962246,3.35022521,3.031060696,3.023444414,3.56562829,3.554457903
12381,3.365242004,3.359466553,3.346791983,3.347872734,3.211135149,3.106734037,3.067357302,3.057262421,3.453307867,3.483348608,3.525486469,3.562982082,3.27852273,3.091804504,3.063016415,3.041369915,3.399454117,3.214370728,3.182763577,3.110744476,3.351426125,3.012775183,3.077090979,3.585094929,3.573901415
12421,3.363741398,3.358966589,3.346621752,3.351295233,3.211253405,3.108121872,3.06301713,3.046608686,3.455330372,3.504134655,3.500277519,3.537769794,3.27812171,3.089372158,3.062693357,3.035119772,3.395781994,3.218722343,3.183025599,3.121192217,3.351165533,3.014009953,3.051500082,3.559895754,3.548717976
12500,3.356970787,3.354834557,3.343514919,3.352518082,3.211611509,3.10844326,3.0632267,3.061738014,3.455226898,3.508230925,3.497792721,3.535280466,3.271616459,3.072468758,3.061878681,3.042663097,3.388916969,3.229092121,3.18456316,3.110111952,3.347953558,3.008135796,3.060600281,3.557395458,3.546568632
12539,3.356993914,3.354725838,3.343086004,3.353789568,3.211910248,3.108891726,3.09237504,3.060379505,3.454995394,3.508102179,3.500396252,3.537883997,3.271520615,3.069935083,3.061593533,3.042828321,3.389193773,3.232564449,3.18309164,3.103686333,3.347637415,3.006302118,3.08100009,3.559989929,3.548789263
12579,3.356621027,3.354106426,3.34216547,3.353979349,3.21157527,3.108916283,3.061260462,3.058038712,3.455651522,3.507225275,3.499195576,3.536683559,3.270246744,3.067397833,3.060961962,3.043507338,3.389284134,3.235508442,3.183691978,3.106442213,3.346798897,3.009668827,3.079110861,3.558802366,3.548155785
12619,3.360991716,3.355355024,3.342247248,3.354463577,3.211115837,3.09435153,3.065033197,3.067145586,3.454762459,3.509516716,3.497557878,3.535050631,3.273466825,3.065484762,3.060743809,3.043649673,3.395627499,3.238759279,3.183393478,3.104922533,3.34705472,3.005398512,3.084363937,3.55719161,3.546033144
12658,3.360494852,3.354908943,3.341635942,3.354468346,3.210886002,3.112674475,3.064291716,3.056117535,3.455920935,3.510076761,3.49820137,3.535688639,3.271927595,3.062595606,3.059952736,3.043660164,3.395576477,3.240087032,3.186188221,3.107697725,3.346510172,3.008416414,3.069333792,3.557832003,3.546113729
12738,3.35280633,3.353836298,3.34270072,3.35477829,3.21226716,3.109213114,3.054104328,3.054648399,3.456172943,3.502823353,3.50758338,3.545063019,3.2647295,3.05994606,3.058402777,3.032929897,3.386740685,3.239236593,3.18636322,3.110504866,3.346928358,3.0083251,3.063250065,3.567839146,3.554263115
12777,3.350925684,3.353208065,3.343755007,3.354376554,3.217442274,3.109493971,3.053720951,3.053426743,3.453950167,3.50267601,3.507467031,3.54494524,3.26354003,3.059664488,3.058398485,3.031499863,3.384483814,3.2394526,3.185385466,3.106548071,3.347396612,3.003968239,3.075600386,3.567403316,3.554059505
12817,3.350281,3.352870941,3.344270468,3.355591059,3.21672678,3.109526873,3.053337097,3.053467512,3.453997612,3.502849579,3.50946188,3.546935558,3.263404131,3.059980154,3.058393955,3.039810181,3.383234262,3.239159346,3.185647964,3.107226849,3.347713947,3.01843524,3.062564135,3.569585562,3.556668997
12857,3.347095013,3.351554871,3.344197989,3.35565114,3.216678143,3.112305164,3.064704418,3.046952248,3.454409599,3.502798319,3.515852451,3.5533216,3.260471821,3.059382915,3.058041096,3.03823328,3.380331278,3.237997532,3.186199427,3.120120287,3.347536325,3.020710468,3.056833267,3.575447083,3.564271927
12897,3.345990181,3.351216078,3.344637394,3.35529232,3.21620965,3.109878302,3.052346706,3.053896427,3.454227924,3.499434233,3.525647879,3.563116789,3.26063776,3.059442759,3.057847261,3.038053036,3.376530886,3.238509417,3.184210062,3.119639397,3.347740412,3.004663706,3.057799816,3.585309744,3.573909521
12976,3.349090099,3.35208559,3.346004486,3.354925394,3.216385365,3.105731726,3.111303568,3.061083794,3.454613209,3.490709782,3.519242287,3.556715965,3.266328096,3.060085297,3.056737423,3.036202192,3.378674507,3.238278627,3.183600187,3.123965502,3.348869085,3.01536727,3.047727585,3.578858852,3.567703962
13016,3.348352909,3.351857185,3.346064568,3.352781773,3.216131449,3.107753992,3.062156916,3.052368164,3.454849482,3.509992361,3.506170273,3.543645859,3.264448166,3.059919119,3.056894064,3.035599232,3.378654957,3.238628864,3.183446407,3.124089241,3.348887444,3.016788244,3.03760004,3.565803289,3.554666519
13055,3.347643614,3.351501465,3.345963478,3.35287118,3.216347933,3.104478598,3.059566736,3.05474925,3.457250357,3.510052204,3.50433135,3.541806936,3.264530659,3.059702873,3.05841732,3.000029325,3.376310825,3.238743067,3.183206797,3.107092857,3.348760605,3.010378599,3.062249899,3.563968182,3.552836418
13135,3.347005606,3.350628138,3.344988823,3.352900505,3.216582537,3.108764648,3.058562994,3.053477049,3.458087921,3.511687756,3.503759146,3.541235209,3.263697147,3.059320211,3.058266401,2.999907017,3.376070261,3.238613844,3.182894707,3.107398272,3.347880125,3.015387535,3.067411661,3.563399076,3.552270412
13214,3.347388268,3.350232363,3.344114304,3.353140116,3.216776371,3.1090312,3.057626486,3.050859451,3.457597494,3.512449265,3.505357504,3.542833805,3.267136335,3.061694145,3.059233904,3.037227869,3.376655579,3.238532305,3.180669069,3.107673168,3.347203493,3.012378693,3.060013771,3.565003395,3.554337978
13254,3.347235441,3.350398064,3.344920397,3.353076458,3.217903614,3.108205795,3.055631638,3.049010038,3.457773209,3.504677773,3.507907629,3.545379162,3.265277147,3.060663223,3.059172153,3.028212547,3.377135515,3.238715887,3.185546875,3.123536348,3.347835064,3.02119112,3.053207636,3.5675354,3.556400299
13293,3.347137213,3.350361109,3.344904423,3.352795839,3.217811823,3.10718751,3.055144787,3.053695202,3.456106901,3.502900362,3.511632204,3.54910326,3.263709307,3.060297728,3.059542894,3.030606985,3.378087282,3.239090919,3.185043573,3.12523365,3.347813845,3.017459869,3.063427925,3.572099924,3.558331013
13333,3.34836936,3.35108757,3.345365524,3.35284543,3.215503454,3.106239557,3.055227995,3.053257465,3.456427574,3.512230158,3.481782198,3.519253731,3.265113592,3.060273409,3.059316397,3.0315516,3.379174232,3.239304781,3.184764624,3.125704527,3.348343849,3.020434856,3.058780432,3.541426182,3.530311346
13373,3.346575737,3.350781918,3.3455441,3.352086067,3.214606524,3.104611874,3.054692984,3.058055639,3.458863258,3.511676311,3.447740555,3.485212564,3.264569998,3.060817242,3.059092283,3.027854681,3.375619173,3.239201546,3.184900522,3.125109673,3.348390579,3.01366806,3.070875645,3.507405043,3.496315479
13452,3.347347736,3.35118413,3.345872164,3.352018356,3.214958191,3.10400033,3.047901392,3.046039104,3.457265615,3.494597912,3.503771067,3.541247845,3.265084028,3.059919596,3.058242083,3.000272512,3.37955308,3.238938332,3.181499481,3.122910976,3.348790884,3.02182889,3.063888788,3.563428879,3.552322388
13492,3.347554922,3.350910187,3.344357252,3.351485014,3.222862244,3.102106333,3.048806667,3.052120686,3.456547976,3.5023489,3.491598845,3.529075861,3.265354156,3.06032896,3.057228804,2.997037411,3.379465342,3.238690615,3.180628777,3.125436783,3.347697735,3.012815475,3.046499968,3.551265955,3.540170908
13531,3.34783721,3.350965023,3.344526529,3.351440191,3.219302654,3.104978085,3.049715996,3.047753096,3.455284357,3.503459692,3.498359919,3.535836697,3.265487194,3.060406208,3.057274818,2.998007536,3.379490852,3.238718987,3.180737734,3.131798744,3.347815275,3.01215291,3.053174496,3.558022976,3.548606396
13571,3.347168446,3.350719452,3.344548702,3.35163188,3.21778965,3.106411219,3.051117182,3.050150633,3.454854488,3.507337809,3.497737885,3.535214901,3.26481986,3.059567451,3.057154894,2.998122454,3.378419638,3.238436222,3.180973768,3.121321917,3.347760916,3.010353804,3.065625191,3.557402134,3.548048496
13611,3.346527576,3.350622177,3.345121861,3.351725817,3.217103958,3.104983568,3.049997568,3.055010319,3.454729319,3.507223606,3.498403072,3.535880089,3.264663219,3.059801579,3.057507038,2.997745514,3.376329184,3.238372087,3.181315184,3.120919943,3.34808445,3.020684004,3.058308125,3.558068037,3.548288345
13690,3.34587431,3.349503279,3.342796326,3.3511765,3.215297222,3.105661631,3.049572945,3.048235178,3.4550457,3.510468483,3.496765614,3.534238577,3.264132261,3.059587955,3.056975365,2.997704506,3.375466585,3.238160849,3.182610035,3.11891675,3.346246004,3.004120111,3.058562517,3.556420088,3.545317173
13730,3.346574068,3.350292206,3.344422579,3.351026535,3.214939594,3.104928493,3.049699783,3.049710751,3.455191851,3.514060736,3.49595046,3.533424139,3.264895916,3.060187578,3.056368351,2.997625589,3.376083136,3.238348484,3.182433844,3.102817059,3.347581387,3.008134365,3.063450336,3.555609465,3.544510841
13769,3.350049019,3.351659775,3.344842434,3.35069108,3.21485734,3.106267214,3.050007343,3.049185514,3.456035614,3.514077425,3.496326447,3.533800125,3.265617847,3.060671806,3.056364775,2.997668982,3.384677172,3.23973608,3.18270731,3.099733114,3.348171473,3.020129442,3.055071592,3.555986643,3.544940948
